face_id	stim_path	coord	lm_0	lm_1	lm_2	lm_3	lm_4	lm_5	lm_6	lm_7	lm_8	lm_9	lm_10	lm_11	lm_12	lm_13	lm_14	lm_15	lm_16	lm_17	lm_18	lm_19	lm_20	lm_21	lm_22	lm_23	lm_24	lm_25	lm_26	lm_27	lm_28	lm_29	lm_30	lm_31	lm_32	lm_33	lm_34	lm_35	lm_36	lm_37	lm_38	lm_39	lm_40	lm_41	lm_42	lm_43	lm_44	lm_45	lm_46	lm_47	lm_48	lm_49	lm_50	lm_51	lm_52	lm_53	lm_54	lm_55	lm_56	lm_57	lm_58	lm_59	lm_60	lm_61	lm_62	lm_63	lm_64	lm_65	lm_66	lm_67	lm_68	lm_69	lm_70	lm_71	lm_72	lm_73	lm_74	lm_75	lm_76	lm_77	lm_78	lm_79	lm_80	lm_81	lm_82	lm_83	lm_84	lm_85	lm_86	lm_87	lm_88	lm_89	lm_90	lm_91	lm_92	lm_93	lm_94	lm_95	lm_96	lm_97	lm_98	lm_99	lm_100	lm_101	lm_102	lm_103	lm_104	lm_105	lm_106	lm_107	lm_108	lm_109	lm_110	lm_111	lm_112	lm_113	lm_114	lm_115	lm_116	lm_117	lm_118	lm_119	lm_120	lm_121	lm_122	lm_123	lm_124	lm_125	lm_126	lm_127	lm_128	lm_129	lm_130	lm_131	lm_132	lm_133	lm_134	lm_135	lm_136	lm_137	lm_138	lm_139	lm_140	lm_141	lm_142	lm_143	lm_144	lm_145	lm_146	lm_147	lm_148	lm_149	lm_150	lm_151	lm_152	lm_153	lm_154	lm_155	lm_156	lm_157	lm_158	lm_159	lm_160	lm_161	lm_162	lm_163	lm_164	lm_165	lm_166	lm_167	lm_168	lm_169	lm_170	lm_171	lm_172	lm_173	lm_174	lm_175	lm_176	lm_177	lm_178	lm_179	lm_180	lm_181	lm_182	lm_183	lm_184	lm_185	lm_186	lm_187	lm_188
043	london_face_dataset/neutral_front/043_03.jpg	x	559.0	783.0	558.0	540.0	539.0	544.0	559.0	576.0	579.0	577.0	782.0	767.0	763.0	769.0	784.0	800.0	804.0	801.0	516.0	532.0	558.0	581.0	611.0	739.0	758.0	783.0	809.0	828.0	533.0	559.0	586.0	760.0	784.0	810.0	505.0	525.0	553.0	579.0	600.0	741.0	762.0	790.0	819.0	841.0	552.0	589.0	619.0	725.0	758.0	800.0	642.0	655.0	656.0	653.0	650.0	678.0	701.0	695.0	694.0	698.0	702.0	616.0	604.0	605.0	624.0	622.0	735.0	746.0	746.0	729.0	730.0	470.0	483.0	512.0	552.0	615.0	617.0	730.0	730.0	787.0	831.0	865.0	883.0	503.0	553.0	792.0	840.0	591.0	626.0	655.0	681.0	710.0	738.0	769.0	625.0	654.0	682.0	712.0	742.0	625.0	654.0	682.0	712.0	742.0	621.0	653.0	684.0	716.0	742.0	433.0	442.0	458.0	904.0	899.0	882.0	390.0	388.0	399.0	411.0	439.0	943.0	947.0	933.0	923.0	895.0	466.0	474.0	527.0	601.0	686.0	756.0	815.0	852.0	871.0	434.0	454.0	480.0	521.0	595.0	671.0	751.0	818.0	864.0	889.0	903.0	480.0	415.0	354.0	381.0	454.0	555.0	672.0	808.0	891.0	960.0	981.0	935.0	845.0	595.0	578.0	566.0	767.0	790.0	801.0	460.0	490.0	535.0	883.0	860.0	822.0	657.0	653.0	700.0	703.0	686.0	686.0	642.0	685.0	727.0	662.0	669.0	688.0	691.0	597.0	765.0	437.0	451.0	906.0	888.0
043	london_face_dataset/neutral_front/043_03.jpg	y	615.0	617.0	601.0	607.0	616.0	627.0	634.0	626.0	616.0	606.0	605.0	608.0	617.0	630.0	636.0	630.0	618.0	611.0	620.0	608.0	601.0	606.0	626.0	626.0	611.0	605.0	612.0	623.0	630.0	634.0	632.0	632.0	636.0	634.0	606.0	594.0	589.0	592.0	605.0	610.0	598.0	591.0	597.0	610.0	685.0	667.0	645.0	645.0	670.0	685.0	593.0	621.0	650.0	675.0	702.0	756.0	593.0	622.0	652.0	675.0	702.0	710.0	729.0	749.0	759.0	743.0	709.0	727.0	748.0	759.0	741.0	572.0	542.0	527.0	527.0	542.0	565.0	566.0	543.0	530.0	536.0	554.0	582.0	560.0	557.0	562.0	566.0	841.0	816.0	798.0	800.0	797.0	815.0	839.0	838.0	834.0	836.0	832.0	836.0	838.0	834.0	836.0	832.0	836.0	862.0	877.0	873.0	872.0	859.0	643.0	715.0	799.0	644.0	719.0	799.0	628.0	675.0	716.0	763.0	806.0	625.0	674.0	719.0	758.0	803.0	833.0	871.0	940.0	982.0	992.0	983.0	939.0	894.0	846.0	553.0	488.0	421.0	369.0	346.0	352.0	348.0	377.0	432.0	491.0	562.0	983.0	870.0	639.0	487.0	363.0	276.0	248.0	287.0	369.0	492.0	637.0	867.0	1002.0	763.0	788.0	819.0	763.0	791.0	824.0	668.0	697.0	716.0	674.0	703.0	720.0	762.0	786.0	764.0	784.0	935.0	958.0	917.0	909.0	917.0	743.0	753.0	753.0	744.0	1058.0	1060.0	679.0	753.0	680.0	757.0
066	london_face_dataset/neutral_front/066_03.jpg	x	562.0	790.0	561.5	545.0	541.0	546.0	562.5	578.5	583.0	579.0	789.0	774.0	770.0	775.0	790.0	808.0	811.0	807.0	516.0	533.0	562.0	590.0	610.0	741.0	763.0	790.0	817.0	840.0	537.0	562.0	590.0	763.0	790.0	817.0	506.0	528.0	555.0	582.0	602.0	747.0	767.0	792.0	819.0	841.0	556.0	591.0	616.0	733.0	761.0	802.0	653.0	658.0	656.0	654.0	649.0	673.0	701.0	693.0	690.0	690.0	696.0	619.0	611.0	613.0	628.0	624.0	728.0	738.0	738.0	722.0	722.0	464.0	483.0	519.0	565.0	629.0	628.0	722.0	720.0	787.0	826.0	873.0	888.0	512.0	562.0	790.0	833.0	586.0	614.0	647.0	677.0	705.0	739.0	764.0	624.0	651.0	676.0	703.0	733.0	624.0	651.0	676.0	703.0	733.0	611.0	641.0	675.0	718.0	746.0	425.0	429.0	445.0	927.0	917.0	897.0	385.0	377.0	388.0	391.0	418.0	963.0	964.0	953.0	948.0	931.0	460.0	482.0	537.0	603.0	675.0	747.0	801.0	848.0	880.0	436.0	468.0	501.0	549.0	610.0	677.0	740.0	805.0	855.0	888.0	917.0	484.0	393.0	345.0	380.0	444.0	537.0	677.0	821.0	913.0	978.0	1001.0	948.0	846.0	595.0	576.0	560.0	764.0	784.0	796.0	453.0	487.0	543.0	903.0	874.0	826.0	655.0	652.0	695.0	699.0	676.0	675.0	633.0	675.0	719.0	656.0	663.0	682.0	688.0	600.0	752.0	425.0	435.0	925.0	907.0
066	london_face_dataset/neutral_front/066_03.jpg	y	595.0	599.0	582.5	584.0	595.0	608.0	612.5	606.5	595.0	587.0	585.5	591.0	600.0	612.0	616.5	612.0	600.0	589.5	603.0	588.0	582.0	593.0	614.0	617.0	597.0	586.0	593.0	608.0	611.0	613.0	611.0	614.0	617.0	614.0	583.0	569.0	565.0	572.0	587.0	595.0	577.0	569.0	573.0	585.0	671.0	658.0	634.0	634.0	658.0	673.0	584.0	613.0	643.0	671.0	703.0	750.0	585.0	615.0	644.0	672.0	703.0	707.0	726.0	744.0	754.0	736.0	704.0	722.0	742.0	755.0	739.0	564.0	528.0	509.0	517.0	551.0	560.0	560.0	545.0	519.0	516.0	536.0	567.0	533.0	540.0	543.0	536.0	841.0	811.0	799.0	802.0	798.0	812.0	838.0	833.0	829.0	831.0	828.0	832.0	833.0	829.0	831.0	828.0	832.0	857.0	869.0	874.0	869.0	855.0	618.0	700.0	785.0	619.0	708.0	790.0	603.0	651.0	699.0	745.0	779.0	606.0	644.0	693.0	740.0	780.0	835.0	885.0	939.0	974.0	986.0	972.0	943.0	902.0	847.0	534.0	470.0	404.0	353.0	324.0	326.0	323.0	349.0	403.0	474.0	540.0	988.0	848.0	635.0	476.0	365.0	277.0	239.0	277.0	365.0	480.0	640.0	850.0	995.0	755.0	781.0	812.0	760.0	784.0	812.0	655.0	690.0	711.0	666.0	699.0	720.0	763.0	785.0	764.0	785.0	921.0	947.0	903.0	894.0	903.0	740.0	748.0	748.0	741.0	1058.0	1057.0	659.0	742.0	663.0	749.0
144	london_face_dataset/neutral_front/144_03.jpg	x	565.0	760.0	565.0	552.0	544.0	549.0	565.0	582.0	585.0	579.0	760.0	748.0	742.0	746.0	761.0	777.0	781.0	773.0	522.0	540.0	565.0	593.0	611.0	717.0	736.0	760.0	784.0	800.0	539.0	565.0	591.0	739.0	761.0	783.0	508.0	528.0	553.0	578.0	599.0	725.0	747.0	772.0	797.0	818.0	556.0	593.0	616.0	714.0	741.0	777.0	641.0	650.0	652.0	652.0	649.0	671.0	684.0	679.0	678.0	683.0	690.0	625.0	620.0	619.0	634.0	635.0	717.0	726.0	727.0	714.0	710.0	468.0	490.0	518.0	557.0	615.0	614.0	698.0	693.0	745.0	792.0	826.0	851.0	509.0	551.0	751.0	807.0	600.0	630.0	655.0	676.0	696.0	721.0	752.0	628.0	651.0	676.0	702.0	726.0	628.0	651.0	676.0	702.0	726.0	619.0	645.0	677.0	708.0	730.0	448.0	461.0	481.0	884.0	883.0	869.0	399.0	408.0	429.0	443.0	468.0	926.0	930.0	918.0	907.0	890.0	492.0	510.0	558.0	617.0	682.0	745.0	798.0	836.0	857.0	453.0	462.0	465.0	512.0	575.0	649.0	720.0	782.0	833.0	848.0	868.0	513.0	417.0	367.0	390.0	449.0	530.0	647.0	772.0	863.0	920.0	959.0	941.0	838.0	597.0	579.0	567.0	748.0	769.0	782.0	473.0	508.0	547.0	868.0	841.0	806.0	658.0	656.0	691.0	695.0	679.0	681.0	645.0	678.0	710.0	655.0	662.0	680.0	687.0	624.0	738.0	451.0	473.0	885.0	875.0
144	london_face_dataset/neutral_front/144_03.jpg	y	626.0	614.0	611.0	614.0	626.0	640.0	646.0	639.0	626.0	614.0	600.0	604.0	614.0	627.0	633.0	626.0	613.0	602.0	636.0	621.0	611.0	621.0	635.0	631.0	609.0	600.0	605.0	617.0	646.0	646.0	641.0	633.0	634.0	630.0	631.0	612.0	601.0	599.0	607.0	598.0	587.0	588.0	595.0	607.0	697.0	682.0	658.0	655.0	677.0	688.0	611.0	636.0	667.0	695.0	728.0	777.0	610.0	636.0	665.0	696.0	727.0	724.0	741.0	759.0	768.0	759.0	721.0	737.0	754.0	767.0	757.0	602.0	580.0	569.0	568.0	579.0	598.0	590.0	580.0	560.0	557.0	557.0	568.0	588.0	590.0	581.0	569.0	834.0	820.0	812.0	817.0	812.0	819.0	834.0	833.0	833.0	837.0	833.0	834.0	833.0	833.0	837.0	833.0	834.0	852.0	865.0	871.0	865.0	853.0	646.0	716.0	790.0	613.0	683.0	763.0	635.0	685.0	723.0	763.0	797.0	595.0	636.0	673.0	721.0	765.0	829.0	869.0	929.0	965.0	974.0	956.0	915.0	858.0	810.0	569.0	507.0	447.0	414.0	392.0	388.0	383.0	389.0	420.0	485.0	543.0	988.0	829.0	637.0	509.0	386.0	306.0	274.0	299.0	378.0	480.0	591.0	814.0	981.0	765.0	791.0	829.0	764.0	791.0	825.0	696.0	720.0	729.0	674.0	703.0	717.0	782.0	804.0	781.0	804.0	921.0	948.0	901.0	894.0	901.0	767.0	775.0	775.0	766.0	1050.0	1054.0	683.0	751.0	643.0	723.0
172	london_face_dataset/neutral_front/172_03.jpg	x	571.0	772.0	571.0	559.0	553.0	556.0	571.0	587.0	589.0	584.0	772.0	761.0	756.0	759.0	772.0	788.0	792.0	787.0	536.0	551.0	571.0	591.0	614.0	731.0	752.0	772.0	794.0	809.0	552.0	571.0	593.0	752.0	772.0	793.0	521.0	538.0	565.0	594.0	614.0	731.0	755.0	779.0	805.0	823.0	555.0	594.0	619.0	728.0	754.0	790.0	653.0	663.0	664.0	660.0	656.0	677.0	697.0	690.0	690.0	694.0	699.0	630.0	623.0	624.0	637.0	637.0	722.0	730.0	730.0	717.0	716.0	481.0	498.0	531.0	577.0	635.0	635.0	720.0	716.0	765.0	807.0	841.0	865.0	529.0	574.0	770.0	812.0	597.0	635.0	658.0	677.0	700.0	724.0	758.0	630.0	654.0	679.0	705.0	728.0	630.0	654.0	679.0	705.0	728.0	626.0	652.0	680.0	708.0	737.0	435.0	440.0	443.0	912.0	910.0	904.0	394.0	395.0	404.0	411.0	437.0	956.0	963.0	956.0	944.0	911.0	455.0	484.0	539.0	609.0	684.0	765.0	836.0	878.0	895.0	437.0	469.0	473.0	500.0	570.0	668.0	760.0	831.0	865.0	873.0	907.0	486.0	397.0	369.0	398.0	473.0	556.0	668.0	797.0	891.0	950.0	989.0	960.0	872.0	602.0	577.0	562.0	757.0	782.0	793.0	463.0	489.0	533.0	894.0	873.0	832.0	663.0	660.0	694.0	698.0	681.0	683.0	646.0	681.0	716.0	661.0	667.0	687.0	691.0	592.0	763.0	438.0	443.0	912.0	905.0
172	london_face_dataset/neutral_front/172_03.jpg	y	552.0	545.0	542.0	544.0	552.0	563.0	565.0	560.0	552.0	544.0	536.0	538.0	545.0	554.0	556.0	554.0	546.0	538.0	558.0	547.0	542.0	546.0	557.0	553.0	541.0	536.0	540.0	550.0	564.0	565.0	561.0	555.0	556.0	555.0	557.0	538.0	531.0	533.0	543.0	539.0	528.0	526.0	532.0	547.0	622.0	606.0	583.0	580.0	605.0	620.0	538.0	560.0	585.0	608.0	631.0	673.0	537.0	560.0	585.0	608.0	631.0	634.0	650.0	666.0	677.0	660.0	633.0	647.0	663.0	675.0	661.0	537.0	505.0	483.0	485.0	510.0	527.0	517.0	500.0	483.0	479.0	498.0	528.0	515.0	511.0	508.0	509.0	756.0	737.0	724.0	728.0	724.0	736.0	753.0	748.0	740.0	739.0	738.0	745.0	748.0	740.0	739.0	738.0	745.0	759.0	760.0	759.0	759.0	757.0	561.0	637.0	719.0	569.0	637.0	720.0	538.0	592.0	635.0	680.0	720.0	540.0	586.0	635.0	675.0	719.0	773.0	830.0	876.0	894.0	900.0	883.0	858.0	802.0	757.0	496.0	439.0	367.0	315.0	286.0	296.0	287.0	306.0	365.0	435.0	490.0	935.0	810.0	537.0	432.0	326.0	259.0	227.0	264.0	357.0	445.0	541.0	791.0	937.0	679.0	711.0	755.0	675.0	709.0	753.0	606.0	638.0	657.0	603.0	634.0	653.0	684.0	714.0	684.0	713.0	820.0	859.0	802.0	794.0	801.0	664.0	671.0	670.0	664.0	1011.0	1013.0	602.0	675.0	601.0	672.0
005	london_face_dataset/neutral_front/005_03.jpg	x	571.0	778.0	572.0	551.0	552.0	558.0	571.0	582.0	588.0	589.0	779.0	759.0	759.0	763.0	777.0	791.0	794.0	793.0	515.0	545.0	571.0	592.0	611.0	736.0	755.0	779.0	807.0	827.0	546.0	570.0	593.0	753.0	775.0	799.0	513.5	537.5	566.5	594.5	613.5	736.0	759.0	784.0	814.0	838.0	555.0	593.0	621.0	723.0	749.0	784.0	650.0	657.0	658.0	653.0	643.0	667.0	694.0	686.0	684.0	685.0	694.0	621.0	606.0	610.0	629.0	626.0	721.0	728.0	732.0	709.0	705.0	482.0	510.0	544.0	594.0	625.0	621.0	725.0	737.0	770.0	807.0	835.0	869.0	530.0	572.0	774.0	820.0	581.0	614.0	645.0	666.0	690.0	715.0	748.0	614.0	640.0	665.0	690.0	715.0	614.0	640.0	665.0	690.0	715.0	603.0	631.0	663.0	701.0	728.0	434.0	435.0	462.0	914.0	902.0	879.0	390.0	372.0	377.0	382.0	419.0	964.0	977.0	968.0	961.0	912.0	476.0	489.0	528.0	591.0	663.0	732.0	794.0	845.0	865.0	454.0	476.0	516.0	560.0	625.0	683.0	751.0	811.0	855.0	884.0	902.0	508.0	404.0	348.0	383.0	433.0	511.0	685.0	844.0	919.0	974.0	1001.0	943.0	835.0	594.0	572.0	555.0	747.0	767.0	784.0	477.0	519.0	564.0	865.0	825.0	779.0	648.0	644.0	686.0	689.0	661.0	660.0	619.0	662.0	702.0	645.0	655.0	681.0	688.0	609.0	746.0	430.0	450.0	910.0	892.0
005	london_face_dataset/neutral_front/005_03.jpg	y	581.0	592.0	577.0	582.0	584.0	592.0	597.0	594.0	585.0	581.0	588.0	592.0	593.0	603.0	607.0	603.0	594.0	593.0	589.0	580.0	577.0	578.0	599.0	604.0	590.0	588.0	596.0	607.0	597.0	599.0	595.0	605.0	610.0	609.0	583.0	571.0	566.0	572.0	593.0	593.0	578.0	576.0	584.0	602.0	647.0	633.0	614.0	617.0	643.0	661.0	564.0	589.0	622.0	657.0	694.0	741.0	565.0	592.0	624.0	658.0	698.0	689.0	709.0	737.0	744.0	723.0	693.0	711.0	731.0	746.0	730.0	552.0	521.0	504.0	506.0	517.0	536.0	549.0	524.0	517.0	520.0	540.0	575.0	537.0	526.0	547.0	560.0	827.0	801.0	796.0	802.0	795.0	805.0	826.0	822.0	818.0	823.0	819.0	823.0	822.0	819.0	823.0	820.0	823.0	843.0	855.0	856.0	854.0	843.0	611.0	681.0	771.0	653.0	720.0	792.0	595.0	640.0	689.0	737.0	778.0	622.0	664.0	713.0	753.0	798.0	804.0	831.0	891.0	949.0	970.0	953.0	910.0	857.0	824.0	497.0	431.0	385.0	366.0	364.0	364.0	366.0	373.0	402.0	441.0	504.0	954.0	828.0	596.0	459.0	373.0	309.0	251.0	308.0	370.0	471.0	623.0	841.0	960.0	734.0	760.0	793.0	742.0	771.0	806.0	652.0	681.0	690.0	661.0	685.0	690.0	749.0	778.0	748.0	778.0	908.0	937.0	892.0	884.0	893.0	725.0	736.0	736.0	728.0	1028.0	1025.0	639.0	735.0	687.0	757.0
099	london_face_dataset/neutral_front/099_03.jpg	x	574.0	789.0	573.0	559.0	554.0	558.0	573.5	590.0	594.0	589.0	789.0	775.0	769.0	774.0	790.0	806.0	809.0	805.0	532.0	550.0	573.0	601.0	622.0	744.0	768.0	790.0	814.0	828.0	551.0	574.0	600.0	769.0	791.0	815.0	520.0	545.0	570.0	600.0	616.0	751.0	768.0	793.0	817.0	837.0	564.0	601.0	624.0	744.0	770.0	806.0	662.0	670.0	667.0	663.0	657.0	682.0	710.0	702.0	702.0	708.0	711.0	613.0	605.0	610.0	628.0	625.0	750.0	757.0	752.0	733.0	738.0	487.0	504.0	533.0	571.0	632.0	629.0	733.0	731.0	785.0	821.0	852.0	871.0	524.0	570.0	789.0	828.0	589.0	623.0	653.0	683.0	714.0	745.0	767.0	627.0	655.0	682.0	712.0	738.0	627.0	655.0	682.0	711.0	738.0	616.0	647.0	683.0	719.0	748.0	441.0	454.0	463.0	897.0	894.0	883.0	417.0	411.0	411.0	414.0	440.0	913.0	908.0	911.0	911.0	894.0	470.0	481.0	527.0	603.0	682.0	756.0	806.0	850.0	871.0	454.0	476.0	503.0	544.0	608.0	681.0	765.0	814.0	848.0	871.0	889.0	494.0	402.0	359.0	392.0	471.0	561.0	677.0	793.0	879.0	946.0	976.0	940.0	852.0	593.0	575.0	563.0	777.0	794.0	802.0	470.0	500.0	542.0	879.0	861.0	823.0	663.5	658.5	704.0	707.5	682.0	682.0	648.0	682.0	715.0	667.0	675.0	689.0	694.0	608.0	754.0	445.0	459.0	897.0	888.0
099	london_face_dataset/neutral_front/099_03.jpg	y	570.0	569.0	559.0	562.0	571.0	584.0	590.0	584.0	571.0	563.0	555.0	560.0	569.0	583.0	589.0	583.0	569.0	559.0	580.0	565.0	559.0	568.0	584.0	585.0	564.0	555.0	564.0	577.0	588.0	590.0	586.0	586.0	589.0	585.0	562.0	545.0	540.0	547.0	563.0	564.0	544.0	537.0	540.0	552.0	648.0	632.0	607.0	609.0	636.0	654.0	553.0	587.0	618.0	647.0	675.0	728.0	554.0	587.0	619.0	647.0	676.0	681.0	702.0	722.0	732.0	716.0	686.0	703.0	723.0	732.0	716.0	521.0	492.0	479.0	475.0	494.0	508.0	510.0	507.0	473.0	477.0	489.0	514.0	496.0	492.0	493.0	494.0	814.0	792.0	777.0	786.0	779.0	795.0	815.0	815.0	814.0	819.0	814.0	816.0	815.0	814.0	819.0	814.0	816.0	841.0	854.0	859.0	855.0	838.0	610.5	684.0	760.5	600.0	675.0	756.0	594.0	634.0	678.0	727.0	763.0	588.0	632.0	671.0	717.0	754.0	796.0	835.0	909.0	968.0	983.0	961.0	922.0	864.0	809.0	534.0	456.0	387.0	335.0	310.0	304.0	316.0	351.0	401.0	455.0	522.0	971.0	830.0	611.0	450.0	307.0	246.0	224.0	259.0	336.0	466.0	615.0	817.0	960.0	730.5	758.5	789.5	735.0	763.0	798.0	639.0	670.0	685.0	639.0	669.0	688.0	738.0	764.0	739.0	765.0	919.0	947.0	893.5	889.0	894.0	719.0	726.0	726.0	720.0	1032.0	1033.0	648.5	721.0	639.0	717.0
062	london_face_dataset/neutral_front/062_03.jpg	x	557.0	776.0	556.0	541.0	537.0	542.0	557.0	571.0	575.0	571.0	776.0	761.0	758.0	761.0	777.0	793.0	796.0	792.0	514.0	532.0	556.0	583.0	608.0	726.0	750.0	776.0	801.0	819.0	531.0	556.0	582.0	753.0	777.0	801.0	502.0	524.0	551.0	577.0	599.0	731.0	754.0	778.0	803.0	825.0	543.0	581.0	606.0	726.0	751.0	795.0	643.0	647.0	647.0	644.0	636.0	662.0	690.0	686.0	684.0	685.0	688.0	595.0	589.0	592.0	608.0	605.0	735.0	740.0	737.0	720.0	721.0	477.0	496.0	516.0	565.0	618.0	617.0	715.0	713.0	773.0	816.0	848.0	870.0	518.0	554.0	776.0	819.0	569.0	602.0	637.0	663.0	688.0	731.0	757.0	606.0	633.0	665.0	697.0	726.0	606.0	633.0	665.0	697.0	726.0	592.0	626.0	666.0	704.0	734.0	432.0	428.0	433.0	906.0	907.0	896.0	409.0	401.0	406.0	407.0	418.0	929.0	930.0	926.0	920.0	913.0	450.0	479.0	525.0	589.0	664.0	734.0	790.0	848.0	878.0	447.0	460.0	483.0	528.0	602.0	680.0	761.0	833.0	872.0	894.0	901.0	482.0	378.0	359.0	388.0	440.0	538.0	680.0	825.0	922.0	974.0	987.0	956.0	847.0	582.0	563.0	551.0	754.0	774.0	785.0	446.0	480.0	526.0	889.0	862.0	819.0	643.0	639.0	684.0	686.0	666.0	665.0	628.0	666.0	707.0	644.0	651.0	674.0	678.0	591.0	739.0	432.0	428.0	909.0	903.0
062	london_face_dataset/neutral_front/062_03.jpg	y	623.0	630.0	613.0	616.0	623.0	637.0	642.0	635.0	623.0	616.0	621.0	624.0	631.0	642.0	650.0	644.0	632.0	625.0	629.0	619.0	613.0	621.0	640.0	641.0	626.0	621.0	628.0	639.0	643.0	646.0	641.0	646.0	652.0	649.0	606.0	596.0	593.0	598.0	611.0	618.0	604.0	600.0	602.0	612.0	700.0	684.0	660.0	664.0	689.0	709.0	614.0	645.0	671.0	695.0	728.0	780.0	616.0	648.0	672.0	697.0	729.0	732.0	752.0	772.0	780.0	771.0	737.0	754.0	774.0	782.0	773.0	575.0	538.0	527.0	535.0	570.0	578.0	575.0	569.0	538.0	534.0	548.0	584.0	543.0	551.0	555.0	551.0	868.0	843.0	827.0	834.0	827.0	848.0	869.0	865.0	866.0	871.0	867.0	868.0	865.0	866.0	871.0	867.0	868.0	898.0	914.0	921.0	916.0	904.0	606.0	687.0	773.0	619.0	698.0	786.0	587.0	628.0	680.0	728.0	775.0	606.0	654.0	698.0	745.0	784.0	850.0	914.0	971.0	1022.0	1041.0	1027.0	987.0	920.0	856.0	524.0	456.0	402.0	356.0	336.0	340.0	336.0	363.0	426.0	486.0	544.0	1013.0	803.0	588.0	460.0	344.0	263.0	227.0	272.0	359.0	482.0	601.0	823.0	1022.0	780.0	808.0	841.0	786.0	815.0	850.0	684.0	716.0	728.0	700.0	729.0	742.0	787.0	811.0	789.0	814.0	970.0	999.0	945.0	936.0	946.0	771.0	778.0	778.0	771.0	1100.0	1106.0	647.0	725.0	658.0	742.0
027	london_face_dataset/neutral_front/027_03.jpg	x	577.0	763.0	577.0	561.0	557.0	561.0	575.0	593.0	596.0	593.0	764.0	748.0	745.0	748.0	765.0	780.0	783.0	779.0	532.0	556.0	577.0	598.0	620.0	718.0	743.0	765.0	785.0	808.0	553.0	577.0	599.0	739.0	763.0	787.0	530.0	554.0	577.0	603.0	621.0	717.0	740.0	766.0	790.0	815.0	555.0	597.0	623.0	714.0	742.0	776.0	651.0	657.0	658.0	655.0	648.0	672.0	689.0	682.0	681.0	683.0	690.0	630.0	621.0	628.0	646.0	637.0	711.0	719.0	720.0	695.0	706.0	503.0	519.0	545.0	584.0	633.0	637.0	703.0	709.0	746.0	792.0	822.0	835.0	542.0	581.0	767.0	797.0	596.0	626.0	649.0	668.0	689.0	718.0	742.0	622.0	645.0	667.0	690.0	712.0	622.0	645.0	667.0	690.0	711.0	615.0	637.0	668.0	699.0	721.0	463.0	463.0	481.0	890.0	888.0	867.0	436.0	425.0	433.0	444.0	464.0	923.0	936.0	924.0	906.0	882.0	494.0	523.0	562.0	609.0	675.0	741.0	791.0	830.0	855.0	481.0	502.0	527.0	568.0	622.0	678.0	745.0	793.0	828.0	847.0	873.0	526.0	431.0	405.0	430.0	485.0	557.0	674.0	808.0	876.0	931.0	964.0	919.0	826.0	606.0	588.0	573.0	730.0	747.0	761.0	499.0	535.0	572.0	841.0	806.0	765.0	657.0	654.0	684.0	687.0	670.0	670.0	632.0	669.0	706.0	658.0	657.0	684.0	684.0	624.0	724.0	462.0	468.0	891.0	876.0
027	london_face_dataset/neutral_front/027_03.jpg	y	558.0	558.0	540.0	546.0	558.0	568.0	575.0	569.0	557.0	545.0	541.0	546.0	557.0	570.0	577.0	571.0	559.0	546.0	564.0	546.0	540.0	546.0	566.0	566.0	547.0	540.0	547.0	569.0	572.0	575.0	569.0	571.0	579.0	577.0	544.0	528.0	523.0	532.0	553.0	552.0	532.0	527.0	533.0	551.0	622.0	609.0	587.0	584.0	611.0	622.0	538.0	564.0	593.0	621.0	650.0	693.0	539.0	564.0	593.0	621.0	650.0	644.0	668.0	691.0	696.0	670.0	644.0	663.0	686.0	697.0	671.0	516.0	493.0	480.0	478.0	493.0	515.0	516.0	491.0	482.0	481.0	499.0	516.0	493.0	496.0	502.0	496.0	774.0	746.0	738.0	742.0	738.0	755.0	770.0	769.0	763.0	766.0	762.0	768.0	770.0	763.0	767.0	763.0	768.0	786.0	797.0	801.0	797.0	787.0	581.0	641.0	724.0	594.0	657.0	733.0	566.0	600.0	646.0	695.0	729.0	583.0	621.0	662.0	706.0	737.0	792.0	849.0	885.0	902.0	919.0	908.0	885.0	844.0	786.0	499.0	437.0	377.0	343.0	328.0	325.0	327.0	350.0	383.0	446.0	520.0	928.0	783.0	569.0	460.0	360.0	291.0	260.0	296.0	369.0	459.0	584.0	798.0	939.0	691.0	715.0	750.0	689.0	714.0	746.0	633.0	652.0	659.0	628.0	649.0	661.0	699.0	727.0	697.0	726.0	853.0	882.0	828.0	820.0	829.0	675.0	690.0	690.0	676.0	998.0	995.0	613.0	674.0	621.0	696.0
061	london_face_dataset/neutral_front/061_03.jpg	x	549.0	776.0	549.0	532.0	530.0	533.0	549.0	565.0	569.0	566.0	776.0	759.0	756.0	760.0	775.75	790.0	796.0	792.0	510.0	525.0	548.0	579.0	604.0	717.0	748.0	775.0	799.0	815.0	523.0	548.0	576.0	750.0	776.0	800.0	498.0	519.0	545.0	576.0	597.0	725.0	743.0	768.0	795.0	816.0	539.0	577.0	603.0	719.0	748.0	784.0	637.0	645.0	644.0	639.0	633.0	659.0	686.0	678.0	678.0	679.0	684.0	597.0	586.0	585.0	603.0	602.0	721.0	731.0	732.0	714.0	716.0	471.0	489.0	517.0	557.0	611.0	609.0	709.0	706.0	769.0	812.0	843.0	858.0	510.0	554.0	769.0	810.0	567.0	592.0	621.0	654.0	683.0	718.0	746.0	598.0	622.0	653.0	682.0	713.0	598.0	622.0	653.0	682.0	713.0	589.0	624.0	657.0	693.0	721.0	441.0	444.0	450.0	903.0	895.0	888.0	399.0	399.0	412.0	426.0	443.0	949.0	951.0	937.0	921.0	906.0	465.0	515.0	553.0	592.0	656.0	733.0	796.0	853.0	879.0	450.0	466.0	493.0	534.0	600.0	667.0	736.0	797.0	844.0	868.0	890.0	523.0	423.0	369.0	395.0	465.0	556.0	666.0	807.0	893.0	954.0	979.0	934.0	854.0	550.0	535.0	528.0	758.5	782.0	788.0	463.0	490.0	535.0	878.0	849.0	809.0	631.0	624.0	682.0	685.0	658.0	657.0	618.0	658.0	698.0	640.0	647.0	668.0	677.0	606.0	749.0	443.0	449.0	901.0	890.0
061	london_face_dataset/neutral_front/061_03.jpg	y	547.0	554.0	535.0	541.0	548.0	560.0	569.0	562.0	549.0	541.0	542.0	547.0	556.0	567.0	574.75	569.0	555.0	546.0	553.0	542.0	535.0	547.0	564.0	568.0	550.0	542.0	547.0	560.0	563.0	569.0	566.0	572.0	575.0	571.0	536.0	522.0	517.0	522.0	536.0	543.0	528.0	519.0	521.0	530.0	623.0	609.0	585.0	587.0	614.0	630.0	536.0	564.0	591.0	611.0	632.0	683.0	536.0	566.0	591.0	612.0	634.0	638.0	656.0	675.0	685.0	668.0	640.0	657.0	679.0	690.0	669.0	509.0	486.0	467.0	471.0	495.0	511.0	512.0	501.0	473.0	471.0	489.0	518.0	497.0	499.0	501.0	501.0	791.0	767.0	747.0	755.0	748.0	769.0	794.0	788.0	786.0	790.0	786.0	791.0	788.0	786.0	790.0	786.0	791.0	809.0	822.0	825.0	822.0	810.0	574.0	653.0	743.0	586.0	662.0	744.0	563.0	617.0	660.0	700.0	738.0	572.0	616.0	662.0	708.0	743.0	834.0	893.0	924.0	947.0	951.0	947.0	910.0	869.0	814.0	500.0	427.0	364.0	322.0	316.0	317.0	315.0	330.0	375.0	434.0	507.0	971.0	837.0	575.0	440.0	320.0	251.0	224.0	257.0	334.0	452.0	590.0	834.0	947.0	703.0	734.0	769.0	705.0	738.0	776.0	618.0	643.0	657.0	632.0	656.0	669.0	702.0	730.0	704.0	733.0	886.0	914.0	870.0	862.5	871.0	667.0	679.0	681.0	669.0	1015.0	1018.0	612.0	698.0	623.0	702.0
034	london_face_dataset/neutral_front/034_03.jpg	x	579.0	776.0	579.0	561.0	560.0	565.0	579.0	594.0	598.0	597.0	776.0	759.0	758.0	763.0	776.0	792.0	796.0	794.0	535.0	557.0	579.0	599.0	617.0	738.0	754.0	776.0	799.0	815.0	554.0	579.0	598.0	756.0	776.0	801.0	530.0	553.0	574.0	594.0	608.0	745.0	764.0	789.0	812.0	829.0	562.0	600.0	623.0	736.0	761.5	801.0	659.0	668.0	669.0	666.0	660.0	682.0	698.0	692.0	692.0	695.0	702.0	627.0	618.0	622.0	639.0	639.0	737.0	745.0	743.0	725.0	725.0	486.0	505.0	538.0	580.0	629.0	626.0	707.0	704.0	760.0	804.0	846.0	869.0	527.0	576.0	761.0	819.0	608.0	631.0	661.0	683.0	706.0	734.0	758.0	636.0	661.0	684.0	709.0	734.0	636.0	661.0	684.0	709.0	734.0	623.0	652.0	685.0	718.0	741.0	447.0	454.0	471.0	910.0	912.0	896.0	410.0	402.0	422.0	439.0	464.0	950.0	967.0	956.0	941.0	908.0	491.0	515.0	561.0	616.0	684.0	750.0	813.0	861.0	883.0	460.0	480.0	509.0	546.0	599.0	667.0	744.0	799.0	840.0	872.0	894.0	520.0	419.0	383.0	409.0	460.0	544.0	668.0	803.0	898.0	962.0	987.0	944.0	856.0	608.0	591.0	581.0	760.0	778.0	787.0	483.0	508.0	546.0	888.0	865.0	831.0	668.0	664.0	697.0	702.0	684.0	684.0	646.0	685.0	725.0	667.0	673.0	692.0	698.0	623.0	756.0	450.0	460.0	914.0	907.0
034	london_face_dataset/neutral_front/034_03.jpg	y	586.0	582.0	577.0	582.0	590.0	601.0	605.0	600.0	591.0	583.0	574.0	579.0	587.0	598.0	601.0	597.0	587.0	578.0	592.0	581.0	577.0	582.0	596.0	594.0	579.0	574.0	578.0	589.0	602.0	605.0	602.0	598.0	601.0	597.0	575.0	566.0	565.0	569.0	578.0	577.0	565.0	562.0	566.0	574.0	658.0	644.0	617.0	619.0	644.0	661.0	573.0	601.0	627.0	657.0	685.0	729.0	573.0	602.0	628.0	657.0	687.0	687.0	708.0	733.0	739.0	720.0	687.0	706.0	727.0	740.0	720.0	548.0	517.0	499.0	504.0	537.0	548.0	548.0	541.0	510.0	498.0	516.0	545.0	518.0	531.0	536.0	518.0	825.0	801.0	787.0	790.0	787.0	799.0	819.0	821.0	819.0	820.0	819.0	821.0	821.0	819.0	820.0	819.0	821.0	847.0	859.0	862.0	857.0	843.0	608.0	691.0	778.0	599.0	684.0	770.0	586.0	635.0	688.0	733.0	780.0	572.0	619.0	672.0	721.0	771.0	826.0	872.0	925.0	957.0	969.0	958.0	922.0	861.0	814.0	539.0	476.0	419.0	375.0	343.0	331.0	344.0	374.0	414.0	470.0	534.0	991.0	818.0	588.0	458.0	356.0	274.0	237.0	265.0	345.0	456.0	580.0	826.0	983.0	738.0	761.0	793.0	738.0	764.0	794.0	642.0	680.0	701.0	637.0	674.0	696.0	745.0	772.0	745.0	772.0	910.0	934.0	891.0	882.0	891.0	720.0	728.0	728.0	721.0	1053.0	1053.0	646.0	732.0	641.0	728.0
137	london_face_dataset/neutral_front/137_03.jpg	x	570.0	791.0	569.5	556.0	550.0	555.0	570.5	586.5	591.0	587.0	791.0	779.0	770.0	778.0	792.0	807.0	812.0	805.0	529.0	546.0	570.0	600.0	624.0	738.0	761.0	791.0	816.0	832.0	547.0	571.0	599.0	765.0	792.0	817.0	515.0	534.0	562.0	593.0	617.0	748.0	770.0	796.0	823.0	842.0	556.0	593.0	620.0	739.5	769.5	806.5	653.0	660.0	658.0	653.0	649.0	681.0	707.0	701.0	702.0	706.0	711.0	613.0	607.0	608.0	623.0	623.0	747.0	754.0	753.0	741.0	738.0	479.0	493.0	517.0	570.0	619.0	619.0	736.0	736.0	785.0	833.0	867.0	892.0	518.0	568.0	792.0	837.0	595.0	624.0	657.0	682.0	708.0	747.0	766.0	625.0	654.0	683.0	711.0	737.0	625.0	654.0	683.0	711.0	737.0	611.0	644.0	685.0	725.0	755.0	446.0	452.0	462.0	910.0	910.0	894.0	399.0	397.0	402.0	414.0	432.0	944.0	950.0	945.0	940.0	925.0	474.0	496.0	548.0	603.0	687.0	768.0	823.0	873.0	885.0	452.0	461.0	478.0	527.0	599.0	682.0	757.0	820.0	868.0	881.0	897.0	501.0	400.0	359.0	386.0	470.0	559.0	682.0	814.0	901.0	977.0	1007.0	968.0	873.0	600.0	576.0	562.0	769.0	790.0	800.0	475.0	509.0	550.0	896.0	864.0	824.0	662.0	659.0	701.0	705.0	687.0	688.0	651.0	687.0	726.0	657.0	668.0	693.0	700.0	603.0	768.0	448.0	457.0	911.0	902.0
137	london_face_dataset/neutral_front/137_03.jpg	y	581.0	579.0	570.0	573.0	583.0	598.0	604.0	597.0	583.0	574.0	569.0	570.0	580.0	596.0	600.0	594.0	580.0	572.0	591.0	577.0	570.0	578.0	592.0	591.0	575.0	569.0	578.0	589.0	602.0	604.0	598.0	596.0	601.0	597.0	580.0	562.0	552.0	554.0	566.0	562.0	553.0	550.0	558.0	571.0	654.0	639.0	617.0	616.0	639.0	650.0	573.0	600.0	629.0	655.0	681.0	733.0	572.0	600.0	628.0	655.0	681.0	680.0	696.0	715.0	724.0	714.0	682.0	697.0	713.0	725.0	717.0	562.0	532.0	515.0	510.0	529.0	548.0	547.0	527.0	506.0	509.0	523.0	562.0	548.5	543.0	541.0	541.0	814.0	781.0	764.0	770.0	766.0	782.0	809.0	813.0	816.0	818.0	815.0	810.0	813.0	816.0	818.0	815.0	810.0	843.0	862.0	865.0	859.0	835.0	591.0	659.0	723.0	590.0	653.0	721.0	574.0	627.0	662.0	705.0	737.0	576.0	618.0	653.0	699.0	735.0	789.0	846.0	912.0	962.0	987.0	956.0	900.0	824.0	769.0	527.0	463.0	402.0	358.0	337.0	339.0	342.0	363.0	397.0	456.0	516.0	966.0	826.0	625.0	468.0	321.0	258.0	228.0	268.0	339.0	460.0	620.0	816.0	960.0	733.0	763.0	808.0	732.0	767.0	806.0	650.0	679.0	695.0	645.0	681.0	699.0	738.0	754.0	738.0	756.0	923.0	951.0	904.0	897.0	904.0	722.0	730.0	729.0	722.0	1035.0	1037.0	621.0	693.0	617.0	691.0
126	london_face_dataset/neutral_front/126_03.jpg	x	559.0	767.0	558.0	544.0	539.0	544.0	559.0	574.0	577.0	572.0	767.0	754.0	749.0	752.0	769.0	783.0	787.0	780.0	519.0	536.0	558.0	582.0	602.0	722.0	745.0	767.0	795.0	806.0	535.0	559.0	586.0	745.0	769.0	792.0	496.0	518.0	547.0	578.0	602.0	728.0	749.0	775.0	801.0	825.0	528.0	564.0	589.0	727.0	755.0	791.0	633.0	640.0	640.0	636.0	630.0	659.0	691.0	681.0	680.0	681.0	686.0	595.0	587.0	590.0	609.0	608.0	720.0	729.0	728.0	708.0	706.0	468.0	481.0	512.0	557.0	607.0	609.0	720.0	720.0	772.0	809.0	844.0	862.0	502.0	551.0	782.0	825.0	571.0	604.0	640.0	661.0	685.0	725.0	748.0	610.0	638.0	664.0	691.0	715.0	610.0	638.0	664.0	691.0	715.0	598.0	630.0	667.0	704.0	734.0	436.0	438.0	442.0	900.0	901.0	897.0	400.0	403.0	422.0	423.0	424.0	949.0	954.0	939.0	928.0	925.0	460.0	505.0	554.0	612.0	671.0	738.0	797.0	848.0	880.0	446.0	472.0	483.0	528.0	600.0	669.0	747.0	802.0	855.0	870.0	894.0	513.0	409.0	361.0	379.0	446.0	529.0	668.0	816.0	908.0	965.0	986.0	944.0	844.0	577.0	561.0	552.0	750.0	770.0	781.0	452.0	475.0	516.0	879.0	849.0	811.0	645.0	642.0	681.0	684.0	667.0	668.0	631.0	667.0	705.0	640.0	647.0	668.0	673.0	609.0	742.0	435.0	439.0	900.0	900.0
126	london_face_dataset/neutral_front/126_03.jpg	y	599.0	592.0	590.0	592.0	599.0	614.0	619.0	613.0	600.0	593.0	583.0	586.0	593.0	607.0	612.0	606.0	593.0	583.0	606.0	595.0	590.0	599.0	612.0	609.0	590.0	583.0	589.0	598.0	617.0	619.0	616.0	610.0	612.0	608.0	585.0	573.0	567.0	577.0	597.0	588.0	571.0	564.0	567.0	575.0	674.0	659.0	635.0	630.0	655.0	668.0	577.0	607.0	631.0	658.0	687.0	739.0	576.0	607.0	632.0	660.0	685.0	692.0	711.0	734.0	744.0	729.0	693.0	710.0	732.0	740.0	729.0	553.0	522.0	507.0	503.0	518.0	540.0	537.0	515.0	503.0	505.0	515.0	548.0	527.0	527.0	522.0	521.0	830.0	797.0	783.0	785.0	781.0	799.0	822.0	822.0	820.0	820.0	819.0	824.0	822.0	820.0	820.0	819.0	824.0	850.0	862.0	867.0	863.0	844.0	618.0	687.0	764.0	606.0	674.0	746.0	613.0	655.0	691.0	734.0	762.0	596.0	630.0	668.0	705.0	752.0	840.0	904.0	950.0	982.0	989.0	973.0	932.0	879.0	813.0	527.0	455.0	392.0	339.0	308.0	297.0	311.0	345.0	394.0	462.0	526.0	1013.0	891.0	611.0	466.0	344.0	263.0	226.0	265.0	346.0	468.0	596.0	866.0	995.0	746.0	774.0	810.0	745.0	774.0	809.0	662.0	695.0	714.0	654.0	690.0	711.0	747.0	773.0	747.0	771.0	913.0	939.0	889.0	880.0	888.0	730.0	736.0	737.0	730.0	1061.0	1061.0	649.0	723.0	640.0	708.0
042	london_face_dataset/neutral_front/042_03.jpg	x	543.0	764.0	545.0	528.0	524.0	529.0	544.0	559.0	565.0	563.0	764.0	749.0	745.0	750.0	763.0	780.0	786.0	783.0	503.0	521.0	543.0	573.0	598.0	708.0	731.0	764.0	788.0	804.0	519.0	544.0	572.0	736.0	763.0	789.0	494.0	517.0	540.0	568.0	592.0	727.0	749.0	772.0	796.0	814.0	528.0	563.0	596.0	705.0	733.0	767.0	626.0	630.0	625.0	617.0	611.0	634.0	682.0	673.0	668.0	667.0	668.0	569.0	562.0	566.0	586.0	581.0	710.0	717.0	709.0	690.0	695.0	464.0	479.0	508.0	553.0	623.0	620.0	698.0	693.0	763.0	799.0	834.0	856.0	499.0	549.0	765.0	812.0	540.0	572.0	601.0	630.0	660.0	693.0	716.0	572.0	598.0	630.0	659.0	687.0	572.0	598.0	630.0	659.0	687.0	564.0	596.0	630.0	665.0	691.0	429.0	421.0	426.0	898.0	891.0	883.0	398.0	378.0	374.0	381.0	413.0	940.0	955.0	943.0	927.0	900.0	434.0	455.0	503.0	552.0	629.0	719.0	792.0	851.0	871.0	443.0	467.0	513.0	563.0	623.0	677.0	740.0	800.0	843.0	879.0	893.0	455.0	398.0	353.0	399.0	472.0	560.0	684.0	796.0	881.0	953.0	984.0	925.0	848.0	553.0	529.0	514.0	727.0	746.0	756.0	443.0	469.0	514.0	864.0	833.0	792.0	617.0	610.0	649.0	650.0	631.0	630.0	586.0	630.0	672.0	618.0	623.0	647.0	651.0	550.0	728.0	423.0	423.0	894.0	887.0
042	london_face_dataset/neutral_front/042_03.jpg	y	555.0	571.0	544.0	547.0	558.0	571.0	576.0	571.0	559.0	550.0	559.0	563.0	572.0	587.0	593.0	587.0	574.0	565.0	558.0	547.0	544.0	551.0	569.0	578.0	566.0	559.0	566.0	580.0	571.0	576.0	572.0	586.0	593.0	589.0	532.0	520.0	518.0	524.0	541.0	542.0	533.0	531.0	538.0	550.0	629.0	614.0	590.0	601.0	628.0	645.0	545.0	578.0	605.0	632.0	655.0	715.0	552.0	581.0	610.0	636.0	662.0	662.0	681.0	703.0	715.0	695.0	674.0	695.0	713.0	722.0	704.0	502.0	471.0	452.0	446.0	468.0	488.0	494.0	477.0	462.0	468.0	491.0	530.0	482.0	474.0	489.0	498.0	800.0	775.0	756.0	764.0	760.0	787.0	811.0	799.0	798.0	799.0	803.0	807.0	799.0	798.0	799.0	803.0	807.0	825.0	842.0	850.0	843.0	832.0	561.0	634.0	720.0	607.0	680.0	758.0	540.0	567.0	628.0	678.0	724.0	592.0	640.0	688.0	728.0	764.0	784.0	847.0	901.0	944.0	969.0	953.0	910.0	855.0	810.0	482.0	408.0	344.0	319.0	310.0	318.0	321.0	338.0	372.0	443.0	519.0	973.0	860.0	567.0	435.0	336.0	258.0	225.0	264.0	350.0	489.0	605.0	853.0	967.0	710.0	735.0	767.0	723.0	751.0	787.0	619.0	654.0	671.0	647.0	675.0	686.0	722.0	741.0	724.0	744.0	899.0	927.0	880.0	874.0	885.0	699.0	710.0	712.0	702.0	1046.0	1052.0	599.0	676.0	641.0	719.0
091	london_face_dataset/neutral_front/091_03.jpg	x	578.0	783.0	578.0	562.0	558.0	563.0	578.0	594.0	598.0	595.0	783.0	766.0	764.0	769.0	785.0	800.0	804.0	801.0	541.0	553.0	578.0	601.0	626.0	739.0	759.0	783.0	808.0	825.0	556.0	579.0	603.0	761.0	784.0	810.0	522.0	544.0	574.0	603.0	624.0	739.0	758.0	786.0	815.0	840.0	569.0	605.0	628.0	739.0	766.0	802.0	662.0	672.0	674.0	671.0	664.0	686.0	712.0	705.0	703.0	705.0	712.0	638.0	631.0	632.0	648.0	645.0	731.0	738.0	738.0	723.0	725.0	484.0	510.0	545.0	589.0	649.0	645.0	731.0	726.0	786.0	820.0	857.0	875.0	538.0	581.0	795.0	830.0	602.0	638.0	666.0	684.0	705.0	730.0	761.0	635.0	660.0	684.0	711.0	737.0	635.0	660.0	684.0	711.0	737.0	630.0	659.0	687.0	717.0	740.0	442.0	441.0	454.0	898.0	897.0	886.0	390.0	387.0	402.0	421.0	441.0	937.0	941.0	929.0	917.0	902.0	466.0	479.0	531.0	612.0	689.0	759.0	804.0	840.0	869.0	453.0	469.0	489.0	529.0	600.0	677.0	750.0	815.0	861.0	883.0	893.0	482.0	377.0	356.0	390.0	451.0	539.0	673.0	806.0	894.0	943.0	971.0	947.0	837.0	606.0	587.0	573.0	758.0	780.0	797.0	470.0	504.0	556.0	881.0	852.0	805.0	671.0	668.0	699.0	702.0	686.0	686.0	652.0	687.0	721.0	671.0	675.0	697.0	703.0	589.0	749.0	441.0	446.0	899.0	894.0
091	london_face_dataset/neutral_front/091_03.jpg	y	621.0	620.0	607.0	611.0	621.0	633.0	639.0	632.0	623.0	611.0	607.0	613.0	621.0	633.0	639.0	633.0	620.0	611.0	626.0	614.0	607.0	613.0	630.0	631.0	615.0	607.0	612.0	624.0	637.0	640.0	636.0	636.0	640.0	635.0	614.0	599.0	593.0	598.0	614.0	616.0	598.0	592.0	597.0	613.0	689.0	674.0	652.0	654.0	679.0	694.0	605.0	631.0	659.0	688.0	716.0	765.0	605.0	632.0	659.0	689.0	717.0	717.0	734.0	754.0	764.0	753.0	718.0	733.0	750.0	763.0	753.0	597.0	561.0	547.0	554.0	584.0	593.0	590.0	581.0	550.0	546.0	562.0	601.0	570.0	576.0	572.0	569.0	837.0	820.0	806.0	810.0	807.0	822.0	837.0	834.0	828.0	832.0	828.0	835.0	834.0	828.0	832.0	829.0	835.0	854.0	863.0	866.0	861.0	851.0	620.0	696.0	779.0	611.0	691.0	778.0	597.0	648.0	696.0	740.0	780.0	600.0	645.0	686.0	729.0	775.0	817.0	851.0	919.0	957.0	969.0	952.0	931.0	894.0	834.0	534.0	475.0	418.0	383.0	365.0	368.0	365.0	386.0	425.0	479.0	538.0	979.0	811.0	597.0	477.0	375.0	288.0	255.0	293.0	380.0	488.0	604.0	815.0	988.0	763.0	787.0	817.0	764.0	790.0	820.0	685.0	710.0	726.0	696.0	716.0	727.0	774.0	796.0	775.0	796.0	914.0	940.0	889.0	880.0	888.0	755.0	761.0	762.0	755.0	1046.0	1047.0	656.0	737.0	649.0	732.0
087	london_face_dataset/neutral_front/087_03.jpg	x	574.0	787.0	575.0	558.0	554.0	559.0	574.0	590.0	593.0	591.0	787.0	773.0	769.0	772.0	788.0	805.0	808.0	805.0	533.0	550.0	575.0	599.0	617.0	750.0	763.0	787.0	814.0	830.0	548.0	574.0	598.0	769.0	788.0	814.0	525.0	543.0	566.0	591.0	608.0	765.0	783.0	805.0	824.0	840.0	564.0	598.0	620.0	747.0	772.5	804.5	668.0	675.0	673.0	668.0	661.0	680.5	714.0	703.0	701.0	702.0	705.0	630.0	618.0	614.0	630.0	633.0	735.0	742.0	744.0	728.0	726.0	486.0	506.0	528.0	581.0	643.0	639.0	730.0	729.0	793.0	838.0	869.0	884.0	528.0	572.0	800.0	845.0	584.0	617.0	651.0	675.0	702.0	729.0	759.0	617.0	646.0	675.0	704.0	730.0	617.0	646.0	675.0	704.0	730.0	613.0	645.0	673.0	705.0	736.0	434.0	440.0	446.0	910.0	898.0	878.0	381.0	385.0	398.0	406.0	421.0	941.0	938.0	921.0	913.0	896.0	459.0	485.0	544.0	609.0	670.0	729.0	779.0	833.0	862.0	455.0	476.0	500.0	550.0	617.0	699.0	769.0	829.0	864.0	889.0	908.0	497.0	406.0	333.0	355.0	428.0	539.0	698.0	840.0	939.0	987.0	1000.0	939.0	830.0	596.0	576.0	560.0	764.5	785.5	798.5	462.5	498.5	547.5	889.0	861.0	821.0	658.0	654.0	698.0	700.0	672.5	672.5	637.0	673.0	706.0	669.0	673.0	688.0	693.0	599.0	732.0	437.0	442.0	908.0	889.0
087	london_face_dataset/neutral_front/087_03.jpg	y	604.0	619.0	589.5	593.0	604.0	617.0	624.5	617.0	605.0	595.0	607.0	610.0	619.0	631.0	639.5	632.0	620.0	610.0	608.0	596.0	589.0	600.0	620.0	634.0	616.0	606.5	613.5	626.0	619.0	624.0	623.0	636.0	640.0	636.0	589.0	579.0	577.0	582.0	595.0	604.0	593.0	592.0	598.0	606.0	679.0	666.0	644.0	657.0	681.5	694.5	593.0	622.0	654.0	680.0	706.0	755.0	595.0	625.0	654.0	682.0	708.0	706.0	720.0	738.0	753.0	739.0	712.0	728.0	747.0	761.0	747.0	573.0	535.0	522.0	518.0	554.0	565.0	571.0	553.0	528.0	530.0	554.0	589.0	547.0	547.0	557.0	562.0	827.0	810.0	800.0	807.0	802.0	816.0	838.0	833.0	832.0	832.0	834.0	838.0	833.0	832.0	832.0	834.0	838.0	847.0	858.0	862.0	859.0	851.0	632.0	702.0	797.0	640.0	730.0	825.0	617.0	670.0	713.0	753.0	784.0	629.0	681.0	721.0	767.0	811.0	845.0	890.0	926.0	955.0	970.0	964.0	942.0	913.0	870.0	549.0	479.0	420.0	378.0	359.0	362.0	362.0	393.0	440.0	494.0	564.0	993.0	896.0	665.0	518.0	388.0	295.0	261.0	306.0	418.0	516.0	674.0	874.0	996.0	749.5	772.5	804.5	758.0	786.0	820.0	665.5	694.5	705.5	691.0	719.0	729.0	763.0	788.0	766.0	790.0	912.0	936.0	891.0	886.0	894.0	744.0	751.0	752.0	745.0	1045.0	1050.0	666.0	747.0	685.0	773.0
070	london_face_dataset/neutral_front/070_03.jpg	x	573.0	776.0	572.0	557.0	554.0	558.0	573.0	592.0	595.0	591.0	775.0	761.0	756.0	761.0	777.0	795.0	798.0	792.0	538.0	551.0	573.0	596.0	623.0	726.0	749.0	774.0	797.0	812.0	556.0	572.0	597.0	753.0	777.0	799.0	523.0	544.0	571.0	598.0	622.0	725.0	748.0	778.0	806.0	830.0	565.0	603.0	629.0	729.0	753.0	795.0	657.0	664.0	663.0	661.0	656.0	680.0	701.0	696.0	695.0	700.0	703.0	627.0	620.0	619.0	635.0	638.0	736.0	743.0	743.0	724.0	725.0	534.0	548.0	567.0	597.0	639.0	637.0	706.0	705.0	759.0	793.0	814.0	822.0	568.0	596.0	759.0	783.0	593.0	622.0	648.0	679.0	709.0	738.0	764.0	627.0	652.0	678.0	707.0	735.0	627.0	652.0	678.0	707.0	735.0	621.0	650.0	681.0	712.0	743.0	430.0	430.0	440.0	915.0	919.0	908.0	413.0	394.0	397.0	404.0	423.0	939.0	946.0	940.0	935.0	922.0	454.0	469.0	530.0	595.0	682.0	763.0	825.0	874.0	894.0	447.0	464.0	479.0	521.0	593.0	667.0	745.0	810.0	858.0	882.0	901.0	472.0	380.0	354.0	384.0	448.0	523.0	668.0	785.0	882.0	958.0	986.0	958.0	879.0	603.0	582.0	565.5	767.5	787.5	803.5	458.0	484.0	530.0	893.5	870.0	829.5	660.0	655.0	697.0	701.0	682.5	682.5	644.0	681.0	715.0	667.0	671.0	691.0	695.0	588.0	771.0	431.0	434.0	917.0	917.0
070	london_face_dataset/neutral_front/070_03.jpg	y	535.0	534.0	527.0	532.0	536.0	546.0	551.0	545.0	536.0	530.0	525.0	528.0	535.0	544.5	549.5	545.0	535.0	529.0	543.0	533.0	527.0	531.0	545.0	548.0	533.0	525.0	531.0	542.0	548.0	551.0	546.0	546.0	549.0	547.0	542.0	522.0	516.0	517.0	526.0	529.0	515.0	512.0	518.0	536.0	600.0	589.0	570.0	571.0	589.0	601.0	526.0	551.0	581.0	608.0	635.0	679.0	527.0	553.0	582.0	607.0	638.0	632.0	650.0	669.0	679.0	666.0	635.0	653.0	673.0	683.0	671.0	500.0	490.0	487.0	488.0	501.0	514.0	512.0	502.0	486.0	488.0	495.0	506.0	503.0	507.0	509.0	505.0	748.0	725.0	719.0	725.0	721.0	732.0	751.0	741.0	740.0	743.0	742.0	746.0	741.0	740.0	743.0	742.0	746.0	764.0	770.0	773.0	771.0	765.0	597.0	675.0	757.0	594.0	674.0	763.0	587.0	623.0	674.0	715.0	744.0	586.0	624.0	671.0	720.0	748.0	794.0	828.0	882.0	907.0	916.0	909.0	883.0	842.0	801.0	509.0	435.0	365.0	320.0	316.0	328.0	314.0	319.0	365.0	436.0	515.0	947.0	784.0	607.0	450.0	340.0	270.0	228.0	254.0	337.0	462.0	600.0	795.0	947.0	679.0	700.0	727.5	682.5	705.5	735.5	596.0	623.0	638.0	596.0	623.0	637.0	685.0	706.0	687.0	708.0	836.0	866.0	818.0	811.0	818.0	669.0	676.0	677.0	671.0	1017.0	1020.0	637.0	714.0	632.0	720.0
038	london_face_dataset/neutral_front/038_03.jpg	x	580.0	793.0	579.0	561.0	560.0	565.75	582.0	596.0	599.0	599.0	793.0	777.0	774.0	778.0	793.0	809.0	812.0	809.0	538.5	555.0	579.0	603.0	628.0	746.0	769.0	793.0	816.0	836.0	557.0	581.5	604.5	770.0	793.0	818.0	521.0	548.0	577.0	607.0	630.0	744.0	767.0	795.0	824.0	852.0	568.0	609.0	638.0	743.0	772.0	812.0	660.0	676.0	678.0	676.0	671.0	700.0	718.0	707.0	706.0	711.0	720.0	637.0	630.0	632.0	650.0	655.0	754.0	763.0	762.0	747.0	745.0	478.25	507.0	537.0	575.0	636.0	630.0	739.25	742.0	797.0	840.0	873.0	894.0	523.0	568.0	796.0	848.0	614.0	645.0	675.0	702.0	728.0	756.0	784.0	649.0	674.0	703.0	733.0	757.0	649.0	674.0	703.0	733.0	757.0	644.0	674.0	708.0	744.0	766.0	428.0	415.0	398.0	920.0	942.0	953.0	397.0	389.0	387.0	383.0	389.0	949.0	956.0	962.0	969.0	962.0	408.0	441.0	508.0	610.0	709.0	787.0	867.0	922.0	941.0	445.0	487.0	517.0	556.0	617.0	686.0	748.0	805.0	834.0	874.0	910.0	476.0	370.0	359.0	380.0	443.0	531.0	658.0	796.0	892.0	972.0	998.0	969.0	897.0	621.0	606.0	594.0	782.0	802.5	818.0	458.0	491.0	545.0	913.0	887.0	847.0	681.0	677.0	715.0	720.0	709.0	711.0	666.0	708.0	753.0	686.0	690.0	708.0	712.0	612.0	793.0	423.0	405.0	933.0	950.0
038	london_face_dataset/neutral_front/038_03.jpg	y	580.0	577.0	571.0	578.0	582.0	594.0	599.0	591.0	581.0	577.0	566.0	571.0	578.0	588.0	595.0	590.0	578.0	570.0	587.75	577.0	571.0	575.0	594.0	590.0	573.0	566.0	571.0	582.0	597.0	598.75	595.75	592.0	595.0	592.0	580.0	564.0	557.0	561.0	577.0	577.0	560.0	555.0	559.0	572.0	647.0	635.0	611.0	610.0	632.0	643.0	557.0	587.0	616.0	644.0	682.0	731.0	555.0	587.0	616.0	643.0	682.0	685.0	703.0	723.0	734.0	723.0	684.0	700.0	719.0	733.0	723.0	551.0	518.0	503.0	504.0	527.0	539.0	537.25	522.0	501.0	498.0	515.0	541.0	532.0	527.0	528.0	525.0	810.0	785.0	773.0	776.5	772.0	785.0	803.0	801.0	798.0	799.0	796.0	797.0	801.0	798.0	799.0	796.0	797.0	827.0	838.0	841.0	835.0	822.0	567.0	640.0	716.0	568.0	637.0	708.0	552.0	592.0	642.0	674.0	719.0	554.0	595.0	645.0	688.0	713.0	809.0	894.0	927.0	941.0	969.0	942.0	916.0	883.0	814.0	504.0	448.0	384.0	337.0	318.0	327.0	319.0	345.0	389.0	447.0	507.0	1001.0	820.0	577.0	478.0	350.0	261.0	226.0	261.0	346.0	467.0	574.0	831.0	968.0	727.0	748.0	780.0	727.0	749.0	779.0	644.0	673.0	687.0	640.0	671.0	686.0	735.0	759.0	735.0	759.0	887.0	916.0	874.0	862.0	872.0	722.0	729.0	730.0	723.0	1065.0	1057.0	604.0	676.0	605.0	672.0
030	london_face_dataset/neutral_front/030_03.jpg	x	566.0	780.0	565.0	546.0	545.0	550.0	568.0	581.0	585.0	583.0	779.0	762.0	761.0	768.0	781.0	796.0	802.0	797.0	523.0	539.0	565.0	590.0	613.0	734.0	755.0	778.0	806.0	826.0	540.0	568.0	593.0	756.0	782.0	807.0	514.0	530.0	561.0	590.0	612.0	737.0	751.0	780.0	808.0	836.0	561.0	597.0	624.0	725.0	757.0	799.0	652.0	658.0	662.0	659.0	653.0	679.0	687.0	683.0	685.0	690.0	699.0	630.0	620.0	631.0	650.0	645.0	732.0	739.0	735.0	708.0	712.0	481.0	501.0	531.0	584.0	609.0	616.0	723.0	732.0	765.0	801.0	839.0	862.0	515.0	563.0	767.0	808.0	604.0	631.0	662.0	686.0	707.0	735.0	767.0	633.0	663.0	685.0	712.0	738.0	633.0	663.0	686.0	712.0	738.0	626.0	654.0	691.0	724.0	747.0	441.0	448.0	465.0	908.0	909.0	902.0	383.0	379.0	408.0	423.0	450.0	960.0	971.0	960.0	941.0	927.0	478.0	513.0	571.0	630.0	698.0	760.0	812.0	848.0	891.0	438.0	466.0	487.0	528.0	594.0	658.0	737.0	798.0	847.0	866.0	890.0	516.0	390.0	347.0	380.0	429.0	506.0	661.0	818.0	902.0	958.0	994.0	962.0	846.0	606.0	588.0	575.0	757.0	781.0	798.0	483.0	527.0	582.0	864.0	823.0	776.0	663.0	662.0	696.0	704.0	698.0	701.0	651.0	693.0	736.0	663.0	667.0	689.0	695.0	627.0	738.0	442.0	454.0	912.0	905.0
030	london_face_dataset/neutral_front/030_03.jpg	y	631.0	616.0	617.0	625.0	634.0	645.0	652.0	644.0	633.0	621.0	603.0	613.0	621.0	631.0	636.0	630.0	617.0	608.0	642.0	625.0	617.0	623.0	642.0	632.0	616.0	603.0	606.0	622.0	653.0	654.0	647.0	636.0	640.0	634.0	630.0	621.0	614.0	618.0	636.0	624.0	607.0	595.0	595.0	608.0	702.0	684.0	659.0	652.0	675.0	684.0	610.0	633.0	663.0	693.0	723.0	771.0	608.0	633.0	662.0	691.0	721.0	723.0	761.0	778.0	773.0	767.0	720.0	749.0	767.0	771.0	759.0	602.0	575.0	565.0	573.0	581.0	595.0	581.0	561.0	549.0	539.0	550.0	581.0	585.0	589.0	567.0	558.0	857.0	838.0	817.0	821.0	813.0	829.0	844.0	851.0	845.0	845.0	840.0	844.0	851.0	846.0	848.0	845.0	845.0	874.0	882.0	883.0	876.0	865.0	640.0	714.0	798.0	605.0	681.0	772.0	618.0	646.0	709.0	763.0	796.0	582.0	616.0	668.0	726.0	762.0	849.0	903.0	953.0	985.0	990.0	976.0	944.0	909.0	839.0	575.0	504.0	418.0	377.0	357.0	352.0	356.0	368.0	413.0	493.0	545.0	1019.0	865.0	618.0	493.0	388.0	308.0	260.0	305.0	388.0	475.0	581.0	860.0	1008.0	768.0	796.0	830.0	756.0	782.0	814.0	704.0	726.0	731.0	686.0	711.0	719.0	775.0	807.0	772.0	804.0	928.0	960.0	913.0	899.0	907.0	759.0	764.0	765.0	756.0	1093.0	1093.0	681.0	758.0	645.0	738.0
092	london_face_dataset/neutral_front/092_03.jpg	x	593.0	794.0	593.0	577.0	573.0	578.0	593.0	609.0	613.0	609.0	794.0	779.0	775.0	780.0	794.0	809.0	815.0	809.0	553.0	568.0	593.0	620.0	643.0	745.0	769.0	794.0	816.0	832.0	570.0	593.0	615.0	771.0	796.0	815.0	537.0	560.0	586.0	614.0	637.0	750.0	770.0	795.0	826.0	846.0	590.0	626.0	650.0	740.0	765.0	803.0	678.0	687.0	690.0	690.0	686.0	707.0	722.0	715.0	714.0	718.0	722.0	655.0	647.0	646.0	659.0	660.0	745.0	755.0	758.0	747.0	744.0	501.0	514.0	550.0	592.0	665.0	662.0	725.0	718.0	798.0	833.0	859.0	883.0	538.0	586.0	796.0	842.0	620.0	651.0	677.0	702.0	730.0	754.0	780.0	654.0	679.0	704.0	730.0	754.0	654.0	679.0	704.0	730.0	754.0	648.0	676.0	705.0	735.0	757.0	460.0	466.0	482.0	915.0	913.0	898.0	414.0	401.0	415.0	440.0	472.0	959.0	969.0	954.0	938.0	910.0	488.0	495.0	547.0	625.0	707.0	775.0	825.0	869.0	885.0	466.0	497.0	507.0	547.0	615.0	687.0	759.0	825.0	860.0	877.0	900.0	501.0	400.0	357.0	383.0	443.0	545.0	683.0	834.0	941.0	1006.0	1016.0	965.0	860.0	625.0	606.0	592.0	777.5	798.5	813.5	490.5	522.5	568.0	889.0	862.0	819.0	681.0	678.5	725.5	729.0	707.0	708.0	673.0	706.0	741.0	692.0	697.0	716.0	722.0	617.0	763.0	463.0	474.0	915.0	907.0
092	london_face_dataset/neutral_front/092_03.jpg	y	669.0	666.0	657.0	661.0	671.0	683.0	688.0	682.0	670.0	662.0	655.0	659.0	667.0	680.0	684.0	681.0	667.0	658.0	679.0	665.0	657.0	666.0	680.0	678.0	663.0	655.0	662.0	676.0	686.0	688.0	684.0	681.0	686.0	682.0	673.0	656.0	649.0	649.0	661.0	665.0	649.0	644.0	650.0	662.0	735.0	722.0	700.0	698.0	723.0	736.0	659.0	680.0	709.0	744.0	775.0	811.0	658.0	680.0	708.0	744.0	774.0	763.0	776.0	792.0	804.0	798.0	759.0	771.0	785.0	798.0	793.0	662.0	621.0	602.0	603.0	629.0	645.0	643.0	628.0	604.0	605.0	618.0	656.0	642.0	634.0	634.0	638.0	875.0	860.0	852.0	856.0	851.0	860.0	871.0	872.0	870.0	871.0	869.0	870.0	872.0	870.0	871.0	869.0	870.0	891.0	898.0	901.0	897.0	888.0	678.0	750.0	829.0	663.0	741.0	829.0	663.0	708.0	758.0	795.0	829.0	648.0	688.0	738.0	787.0	824.0	857.0	882.0	947.0	996.0	1012.0	996.0	966.0	915.0	873.0	613.0	555.0	486.0	446.0	430.0	427.0	432.0	445.0	486.0	544.0	601.0	1019.0	884.0	718.0	548.0	430.0	331.0	291.0	336.0	438.0	578.0	738.0	907.0	1042.0	804.0	827.0	857.0	804.5	828.5	858.5	735.0	763.0	776.0	731.0	756.0	772.0	819.0	841.0	820.0	842.0	953.0	974.0	926.0	919.0	926.0	803.0	809.0	808.0	801.0	1090.0	1098.0	714.0	792.0	700.0	788.0
130	london_face_dataset/neutral_front/130_03.jpg	x	583.0	761.0	584.0	573.0	565.0	568.0	584.0	595.0	599.0	595.0	761.0	747.0	744.0	749.0	762.0	775.0	780.0	777.0	549.0	563.0	584.0	606.0	624.0	715.0	738.0	761.0	782.0	798.0	564.0	584.0	605.0	740.0	762.0	782.0	533.0	556.0	584.0	605.0	624.0	723.0	745.0	772.0	793.0	814.0	568.0	601.0	627.0	722.0	744.0	782.0	653.0	660.0	660.0	657.0	651.0	675.0	697.0	690.0	691.0	697.0	699.0	632.0	624.0	623.0	639.0	639.0	716.0	723.0	724.0	711.0	711.0	497.0	519.0	548.0	587.0	635.0	633.0	712.0	712.0	766.0	810.0	836.0	853.0	542.0	577.0	772.0	816.0	602.0	631.0	655.0	674.0	697.0	719.0	742.0	629.0	653.0	674.0	697.0	716.0	629.0	653.0	674.0	697.0	716.0	619.0	643.0	675.0	706.0	732.0	466.0	464.0	471.0	881.0	879.0	868.0	428.0	425.0	436.0	450.0	465.0	917.0	919.0	905.0	887.0	874.0	482.0	497.0	546.0	608.0	678.0	755.0	808.0	849.0	862.0	478.0	498.0	501.0	555.0	612.0	674.0	731.0	788.0	838.0	854.0	871.0	501.0	413.0	392.0	411.0	464.0	551.0	673.0	795.0	884.0	939.0	957.0	929.0	846.0	607.0	587.0	574.0	751.0	771.0	780.0	487.0	516.0	555.0	864.0	841.0	805.0	659.0	656.0	690.0	694.0	677.0	678.0	644.0	676.0	710.0	663.0	667.0	683.0	686.0	615.0	753.0	464.0	468.0	882.0	877.0
130	london_face_dataset/neutral_front/130_03.jpg	y	594.0	603.0	585.0	587.0	594.0	607.0	612.0	606.0	594.0	586.0	592.0	595.0	604.0	616.0	621.0	616.0	603.0	596.0	601.0	591.0	585.0	589.0	605.0	613.0	597.0	592.0	598.0	610.0	610.0	612.0	609.0	616.0	622.0	619.0	598.0	587.0	583.0	581.0	587.0	591.0	586.0	587.0	595.0	608.0	659.0	645.0	624.0	632.0	654.0	670.0	588.0	610.0	631.0	654.0	679.0	718.0	587.0	610.0	631.0	656.0	679.0	677.0	693.0	712.0	722.0	709.0	679.0	694.0	711.0	725.0	709.0	589.0	556.0	539.0	541.0	567.0	576.0	578.0	569.0	547.0	551.0	570.0	605.0	569.0	565.0	569.0	577.0	797.0	771.0	760.0	764.0	763.0	776.0	795.0	791.0	787.0	789.0	788.0	792.0	791.0	787.0	789.0	788.0	792.0	812.0	819.0	823.0	820.0	811.0	610.0	681.0	772.0	636.0	698.0	787.0	590.0	637.0	686.0	732.0	771.0	609.0	656.0	703.0	747.0	786.0	815.0	853.0	905.0	934.0	947.0	930.0	901.0	843.0	812.0	538.0	487.0	440.0	412.0	395.0	392.0	395.0	405.0	424.0	486.0	546.0	964.0	799.0	590.0	475.0	357.0	279.0	240.0	285.0	366.0	488.0	610.0	808.0	961.0	724.0	749.0	787.0	726.0	755.0	788.0	654.0	681.0	697.0	660.0	686.0	702.0	726.0	750.0	727.0	752.0	866.0	899.0	844.0	837.0	845.0	710.0	715.0	716.0	711.0	1036.0	1038.0	644.0	726.0	665.0	736.0
036	london_face_dataset/neutral_front/036_03.jpg	x	586.0	767.0	586.0	570.0	568.75	573.0	585.75	600.0	604.0	603.0	767.0	754.0	751.0	754.0	767.0	782.0	785.0	782.0	552.0	566.0	586.0	613.0	627.0	726.0	744.0	767.0	787.0	801.0	566.0	586.0	609.0	746.0	767.0	785.0	541.0	558.0	578.0	599.0	615.0	739.0	758.0	780.0	799.0	814.0	572.0	605.0	627.0	720.0	741.0	772.0	655.0	661.0	660.0	655.0	647.0	670.0	690.0	683.0	680.0	681.0	687.0	623.0	618.0	619.0	630.0	633.0	723.0	728.0	726.0	711.0	708.0	501.0	523.0	539.0	589.0	640.0	634.0	710.0	709.0	759.0	796.0	826.0	844.0	540.0	590.0	760.0	805.0	605.0	622.0	649.0	671.0	696.0	722.0	742.0	628.0	649.0	673.0	699.0	719.0	628.0	649.0	673.0	699.0	719.0	622.0	642.0	674.0	705.0	727.0	480.0	485.0	492.0	889.0	879.0	873.0	439.0	430.0	440.0	453.0	481.0	952.0	957.0	945.0	922.0	886.0	504.0	533.0	576.0	620.0	675.0	740.0	800.0	855.0	867.0	485.0	492.0	507.0	552.0	612.0	675.0	746.0	805.0	852.0	866.0	873.0	532.0	442.0	405.0	422.0	468.0	558.0	678.0	823.0	918.0	964.0	976.0	950.0	864.0	607.0	591.0	579.0	742.0	758.0	770.0	500.0	525.0	567.0	861.0	836.0	799.0	656.0	651.0	685.0	688.75	675.0	675.0	641.75	674.25	710.75	653.0	660.0	678.0	681.0	627.0	756.0	482.0	491.0	886.0	875.0
036	london_face_dataset/neutral_front/036_03.jpg	y	582.0	586.0	572.0	577.0	584.0	596.0	600.0	595.0	584.0	577.0	576.0	578.0	588.0	598.0	603.0	598.0	588.0	581.0	590.0	577.0	572.0	581.0	597.0	597.0	581.0	576.0	583.0	595.0	597.0	600.0	597.0	600.0	603.0	602.0	582.0	570.0	566.0	567.0	575.0	575.0	570.0	572.0	579.0	591.0	654.0	637.0	613.0	615.75	639.75	657.0	573.0	598.0	624.0	653.0	683.0	728.0	573.0	598.0	625.0	655.0	684.0	688.0	703.0	718.0	729.0	713.0	688.0	704.0	719.0	729.0	716.0	567.0	537.0	522.0	524.0	544.0	555.0	555.0	546.0	528.0	523.0	542.0	573.0	551.0	548.0	552.0	554.0	801.0	781.0	769.0	772.0	769.0	782.0	801.0	796.0	794.0	794.0	795.0	796.0	796.0	794.0	794.0	795.0	796.0	818.0	829.0	833.0	829.0	820.0	625.0	695.0	767.0	634.0	699.0	766.0	601.0	635.0	682.0	726.0	766.0	614.0	652.0	692.0	737.0	770.0	822.0	876.0	905.0	929.0	936.0	926.0	898.0	844.0	804.0	543.0	467.0	395.0	362.0	345.0	340.0	350.0	369.0	400.0	468.0	548.0	976.0	820.0	602.0	469.0	359.0	274.0	245.0	288.0	372.0	490.0	620.0	789.0	965.0	723.0	746.0	774.0	724.0	747.0	776.0	638.0	665.0	679.0	643.0	670.0	683.0	737.0	756.0	737.0	755.5	875.5	900.5	850.75	845.75	851.75	718.0	728.0	727.0	719.0	1041.0	1040.0	660.0	732.0	669.0	733.0
044	london_face_dataset/neutral_front/044_03.jpg	x	570.0	762.0	570.0	557.0	552.0	555.0	570.0	584.0	587.0	583.0	762.0	748.0	745.0	748.0	762.0	776.0	780.0	777.0	532.0	548.0	570.0	593.0	610.0	720.0	741.0	762.0	783.0	798.0	547.0	570.0	592.0	740.0	762.0	784.0	521.0	539.0	563.0	587.0	608.0	720.0	739.0	765.0	791.0	813.0	562.0	591.0	614.0	717.0	740.0	776.0	644.0	650.0	651.0	647.0	644.0	668.0	687.0	683.0	682.0	685.0	689.0	615.0	608.0	609.0	624.0	621.0	718.0	726.0	723.0	709.0	711.0	488.0	507.0	526.0	559.0	612.0	612.0	705.0	703.0	758.0	796.0	823.0	841.0	527.0	557.0	762.0	801.0	587.0	616.0	641.0	668.0	694.0	720.0	747.0	619.0	645.0	670.0	697.0	720.0	619.0	645.0	670.0	697.0	720.0	611.0	638.0	672.0	706.0	728.0	463.0	469.0	479.0	888.0	886.0	874.0	435.0	429.0	438.0	442.0	461.0	919.0	929.0	925.0	920.0	904.0	489.0	506.0	552.0	608.0	673.0	741.0	798.0	856.0	866.0	467.0	485.0	504.0	543.0	600.0	666.0	727.0	780.0	828.0	856.0	878.0	518.0	437.0	388.0	409.0	466.0	544.0	672.0	800.0	883.0	939.0	964.0	922.0	850.0	596.0	580.0	567.0	746.0	764.0	775.0	486.0	509.0	547.0	860.0	836.0	803.0	648.0	643.0	684.0	690.0	667.0	666.0	634.0	670.0	705.0	654.0	659.0	675.0	680.0	613.0	744.0	466.0	474.0	886.0	881.0
044	london_face_dataset/neutral_front/044_03.jpg	y	604.0	601.0	591.0	594.0	604.0	615.0	620.0	615.0	605.0	596.0	589.0	593.0	601.0	611.0	616.0	612.0	601.0	593.0	608.0	595.0	591.0	599.0	614.0	613.0	595.0	589.0	594.0	605.0	617.0	620.0	617.0	614.0	616.0	612.0	599.0	586.0	582.0	583.0	593.0	593.0	579.0	576.0	580.0	594.0	665.0	652.0	631.0	630.0	649.0	663.0	589.0	613.0	636.0	655.0	678.0	725.0	589.0	614.0	636.0	656.0	678.0	681.0	698.0	717.0	727.0	712.0	682.0	698.0	714.0	727.0	711.0	581.0	549.0	534.0	535.0	558.0	570.0	566.0	554.0	532.0	531.0	547.0	575.0	562.0	560.0	556.0	556.0	802.0	781.0	770.0	776.0	769.0	781.0	803.0	797.0	798.0	799.0	798.0	798.0	797.0	798.0	799.0	798.0	798.0	818.0	828.0	830.0	825.0	816.0	641.0	703.0	765.0	640.0	698.0	757.0	624.0	665.0	705.0	739.0	777.0	620.0	656.0	697.0	734.0	772.0	812.0	860.0	908.0	941.0	952.0	935.0	902.0	837.0	792.0	561.0	499.0	438.0	403.0	389.0	391.0	383.0	397.0	442.0	503.0	566.0	966.0	846.0	634.0	522.0	408.0	335.0	293.0	330.0	410.0	519.0	627.0	832.0	951.0	726.0	745.0	770.0	727.0	751.0	776.0	656.0	683.0	698.0	655.0	679.0	695.0	734.0	756.0	735.0	755.0	901.0	921.0	860.0	855.0	862.0	712.0	724.0	724.0	713.0	1024.0	1021.0	673.0	736.0	672.0	725.0
064	london_face_dataset/neutral_front/064_03.jpg	x	570.0	783.0	569.0	551.0	550.0	556.0	570.0	585.0	588.0	585.0	782.0	766.0	763.0	767.0	783.0	799.0	803.0	800.0	529.0	545.0	570.0	596.0	615.0	740.0	759.0	783.0	811.0	828.0	546.0	570.0	594.0	761.0	784.0	809.0	523.0	539.0	565.0	592.0	613.0	738.0	757.0	783.0	812.0	832.0	562.0	597.0	626.0	731.0	758.0	797.0	653.0	658.0	655.0	647.0	644.0	673.0	700.0	695.0	697.0	704.0	705.0	623.0	612.0	614.0	630.0	626.0	731.0	740.0	736.0	717.0	719.0	479.0	497.0	531.0	578.0	639.0	640.0	713.0	712.0	776.0	826.0	858.0	874.0	522.0	573.0	779.0	829.0	598.0	627.0	654.0	677.0	703.0	734.0	767.0	626.0	652.0	678.0	705.0	730.0	626.0	652.0	678.0	705.0	730.0	622.0	650.0	681.0	718.0	740.0	444.0	454.0	473.0	926.0	918.0	908.0	416.0	406.0	418.0	433.0	458.0	963.0	981.0	971.0	960.0	931.0	489.0	510.0	563.0	615.0	683.0	765.0	835.0	888.0	900.0	455.0	476.0	509.0	553.0	608.0	678.0	745.0	801.0	843.0	878.0	912.0	526.0	403.0	378.0	407.0	466.0	564.0	681.0	824.0	916.0	963.0	998.0	981.0	886.0	601.0	582.0	566.0	761.0	782.0	798.0	467.0	495.0	547.0	899.0	868.0	820.0	659.0	656.0	693.0	697.0	682.0	683.0	644.0	682.0	723.0	658.0	663.0	683.0	683.0	622.0	773.0	448.0	463.0	924.0	915.0
064	london_face_dataset/neutral_front/064_03.jpg	y	578.0	570.0	565.0	570.0	579.0	591.0	596.0	590.0	578.0	569.0	557.0	562.0	571.0	583.0	589.0	583.0	571.0	561.0	586.0	571.0	566.0	574.0	589.0	585.0	564.0	557.0	564.0	579.0	595.0	596.0	592.0	587.0	589.0	586.0	569.0	555.0	548.0	553.0	569.0	566.0	548.0	542.0	547.0	560.0	643.0	630.0	607.0	604.0	628.0	641.0	556.0	587.0	615.0	639.0	660.0	706.0	556.0	587.0	615.0	639.0	659.0	659.0	677.0	699.0	708.0	691.0	662.0	680.0	700.0	706.0	690.0	567.0	523.0	498.0	501.0	522.0	542.0	535.0	523.0	493.0	494.0	519.0	554.0	522.0	523.0	516.0	515.0	795.0	772.0	755.0	762.0	754.0	771.0	791.0	789.0	786.0	787.0	784.0	785.0	789.0	786.0	787.0	784.0	785.0	810.0	816.0	819.0	815.0	806.0	647.0	721.0	790.0	625.0	702.0	777.0	634.0	676.0	729.0	771.0	797.0	613.0	651.0	700.0	747.0	781.0	833.0	876.0	914.0	937.0	951.0	931.0	891.0	841.0	808.0	564.0	480.0	409.0	369.0	349.0	347.0	347.0	372.0	413.0	476.0	553.0	982.0	799.0	598.0	462.0	357.0	277.0	252.0	291.0	375.0	462.0	583.0	786.0	955.0	712.0	737.0	768.0	713.0	737.0	767.0	638.0	669.0	684.0	635.0	671.0	687.0	720.0	742.0	718.0	740.0	876.0	910.0	848.0	841.0	850.0	692.0	703.0	704.0	693.0	1030.0	1029.0	688.0	753.0	663.0	744.0
102	london_face_dataset/neutral_front/102_03.jpg	x	572.0	769.0	572.0	556.0	552.0	558.0	573.0	587.0	591.0	587.0	769.0	753.0	750.0	755.0	769.0	784.0	789.0	786.0	533.0	549.0	572.0	594.0	619.0	720.0	745.0	769.0	791.0	809.0	548.0	570.0	594.0	745.0	770.0	791.0	519.0	539.0	564.0	592.0	612.0	724.0	743.0	768.0	796.0	819.0	562.0	594.0	621.0	717.0	746.0	777.0	651.0	657.0	656.0	652.0	641.0	665.0	690.0	683.0	684.0	686.0	689.0	620.0	615.0	619.0	632.0	630.0	715.0	720.0	718.0	705.0	702.0	486.0	503.0	530.0	574.0	627.0	628.0	703.0	704.0	761.0	800.0	837.0	865.0	523.0	568.0	769.0	813.0	588.0	619.0	644.0	664.0	689.0	711.0	750.0	621.0	644.0	666.0	690.0	717.0	621.0	644.0	666.0	690.0	717.0	609.0	633.0	665.0	694.0	720.0	456.0	447.0	454.0	916.0	916.0	909.0	425.0	426.0	433.0	437.0	448.0	960.0	963.0	951.0	939.0	917.0	473.0	510.0	545.0	597.0	670.0	756.0	826.0	877.0	897.0	462.0	484.0	510.0	548.0	611.0	671.0	738.0	797.0	841.0	867.0	900.0	520.0	401.0	386.0	419.0	495.0	573.0	677.0	798.0	882.0	954.0	988.0	969.0	872.0	593.0	573.0	558.0	752.0	773.0	788.0	468.0	495.0	543.0	885.0	858.0	816.0	649.0	645.0	683.0	686.0	668.0	668.0	638.0	668.0	700.0	653.0	656.0	675.0	677.0	625.0	762.0	452.0	448.0	917.0	917.0
102	london_face_dataset/neutral_front/102_03.jpg	y	545.0	542.0	529.0	533.0	545.0	560.0	565.0	558.0	546.0	535.0	526.0	531.0	542.0	556.0	561.0	557.0	542.0	532.0	548.0	535.0	529.0	537.0	555.0	553.0	534.0	526.0	533.0	547.0	562.0	566.0	561.0	559.0	562.0	558.0	547.0	525.0	517.0	521.0	533.0	534.0	517.0	512.0	518.0	534.0	614.0	603.0	580.0	581.0	604.0	614.0	528.0	556.0	579.0	601.0	628.0	683.0	527.0	556.0	580.0	602.0	633.0	638.0	656.0	674.0	682.0	661.0	638.0	655.0	675.0	681.0	662.0	517.0	484.0	462.0	459.0	481.0	502.0	499.0	476.0	456.0	457.0	478.0	508.0	491.0	490.0	485.0	487.0	772.0	755.0	742.0	746.0	742.0	754.0	769.0	767.0	765.0	767.0	765.0	768.0	767.0	765.0	767.0	765.0	768.0	781.0	790.0	793.0	790.0	783.0	568.0	619.0	683.0	552.0	629.0	716.0	556.0	589.0	618.0	648.0	680.0	546.0	584.0	626.0	663.0	705.0	768.0	856.0	888.0	913.0	928.0	907.0	871.0	812.0	756.0	497.0	415.0	355.0	316.0	300.0	305.0	302.0	316.0	352.0	414.0	479.0	954.0	745.0	555.0	420.0	309.0	252.0	231.0	260.0	329.0	413.0	545.0	762.0	938.0	690.0	718.0	756.0	689.0	717.0	758.0	613.0	640.0	652.0	612.0	638.0	651.0	702.0	730.0	702.0	728.0	858.0	887.0	843.0	838.0	843.0	667.0	681.0	680.0	666.0	1007.0	1001.0	589.0	645.0	593.0	663.0
011	london_face_dataset/neutral_front/011_03.jpg	x	576.0	782.0	575.0	560.0	558.0	562.0	576.0	590.0	595.0	592.0	783.0	766.0	765.0	770.0	784.0	799.0	803.0	799.0	535.0	551.0	575.0	599.0	624.0	734.0	759.0	784.0	809.0	828.0	550.0	575.0	601.0	760.0	784.0	811.0	522.0	543.0	573.0	602.0	621.0	734.0	758.0	786.0	816.0	840.0	570.0	603.0	630.0	727.0	758.0	792.0	658.0	664.0	665.0	660.0	656.0	678.0	698.0	692.0	691.0	695.0	701.0	626.0	620.0	619.0	643.0	638.0	731.0	739.0	745.0	724.0	723.0	490.0	514.0	544.0	581.0	615.0	623.0	729.0	740.0	776.0	807.0	842.0	866.0	539.0	582.0	769.0	819.0	599.0	625.0	655.0	676.0	705.0	733.0	767.0	630.0	654.0	676.0	704.0	732.0	630.0	654.0	678.0	705.0	732.0	625.0	647.0	682.0	715.0	740.0	458.0	468.0	485.0	920.0	917.0	900.0	420.0	415.0	429.0	438.0	466.0	969.0	970.0	972.0	960.0	926.0	496.0	514.0	566.0	612.0	685.0	766.0	836.0	869.0	889.0	457.0	471.0	500.0	545.0	607.0	677.0	760.0	822.0	872.0	892.0	905.0	525.0	431.0	392.0	412.0	461.0	539.0	675.0	802.0	896.0	968.0	997.0	968.0	855.0	608.0	589.0	574.0	758.0	777.0	791.0	492.0	530.0	575.0	863.0	827.0	783.0	661.0	657.0	698.0	702.0	679.0	679.0	643.0	683.0	723.0	657.0	667.0	686.0	697.0	621.0	760.0	462.0	477.0	920.0	911.0
011	london_face_dataset/neutral_front/011_03.jpg	y	582.0	576.0	568.0	575.0	585.0	595.0	601.0	595.0	585.0	575.0	563.0	570.0	580.0	588.0	595.0	589.0	579.0	568.0	585.0	573.0	568.0	576.0	594.0	590.0	570.0	559.0	564.0	579.0	600.0	604.0	597.0	592.0	597.0	591.0	574.0	562.0	554.0	558.0	575.0	570.0	553.0	547.0	549.0	564.0	653.0	637.0	613.0	607.0	632.0	646.0	564.0	592.0	622.0	649.0	678.0	720.0	564.0	593.0	623.0	650.0	677.0	673.0	690.0	704.0	718.0	703.0	671.0	685.0	705.0	714.0	705.0	560.0	505.0	496.0	497.0	516.0	534.0	532.0	500.0	491.0	488.0	502.0	547.0	514.0	528.0	513.0	503.0	803.0	777.0	767.0	769.0	767.0	775.0	792.0	791.0	789.0	790.0	789.0	789.0	792.0	788.0	790.0	789.0	789.0	815.0	823.0	826.0	820.0	809.0	620.0	700.0	773.0	610.0	694.0	766.0	597.0	642.0	706.0	742.0	789.0	591.0	630.0	683.0	727.0	778.0	807.0	866.0	926.0	943.0	953.0	932.0	907.0	860.0	810.0	511.0	448.0	382.0	340.0	319.0	316.0	316.0	338.0	392.0	450.0	509.0	974.0	822.0	592.0	489.0	374.0	301.0	270.0	281.0	348.0	473.0	594.0	794.0	977.0	726.0	750.0	781.0	718.0	746.0	772.0	662.0	681.0	683.0	648.0	670.0	677.0	725.0	751.0	723.0	749.0	884.0	908.0	861.0	850.0	859.0	706.0	715.0	715.0	704.0	1031.0	1028.0	667.0	739.0	655.0	724.0
136	london_face_dataset/neutral_front/136_03.jpg	x	569.0	778.0	569.0	553.0	549.0	553.0	568.0	582.0	587.0	584.0	778.0	765.0	760.0	765.0	779.0	794.0	798.0	795.0	531.0	546.0	569.0	595.0	615.0	730.0	753.0	778.0	801.0	816.0	545.0	567.0	590.0	754.0	779.0	802.0	520.0	539.0	563.0	592.0	611.0	723.0	746.0	778.0	809.0	834.0	550.0	590.0	617.0	727.0	755.0	794.0	649.0	657.0	657.0	656.0	650.0	675.0	700.0	692.0	690.0	690.0	695.0	622.0	615.0	615.0	629.0	629.0	718.0	726.0	726.0	714.0	711.0	495.0	512.0	536.0	578.0	624.0	621.0	716.0	715.0	764.0	802.0	831.0	843.0	528.0	570.0	774.0	806.0	590.0	617.0	641.0	667.0	695.0	720.0	745.0	620.0	644.0	668.0	696.0	720.0	620.0	644.0	668.0	696.0	720.0	611.0	635.0	668.0	701.0	725.0	455.0	453.0	469.0	906.0	905.0	883.0	417.0	420.0	432.0	443.0	459.0	959.0	955.0	945.0	925.0	897.0	481.0	501.0	535.0	591.0	671.0	747.0	813.0	852.0	870.0	463.0	488.0	518.0	550.0	612.0	682.0	759.0	827.0	860.0	880.0	902.0	513.0	425.0	391.0	422.0	476.0	564.0	685.0	816.0	904.0	964.0	985.0	945.0	836.0	598.0	579.0	567.0	742.0	760.0	773.0	468.0	498.0	537.0	883.0	859.0	823.0	647.0	642.0	690.0	694.0	668.0	669.0	636.0	668.0	698.0	653.0	661.0	687.0	693.0	598.0	759.0	451.0	463.0	908.0	895.0
136	london_face_dataset/neutral_front/136_03.jpg	y	642.0	649.0	631.0	633.0	643.0	655.0	661.0	657.0	642.0	636.0	638.0	640.0	650.0	663.0	668.0	663.0	650.0	642.0	647.0	634.0	631.0	640.0	654.0	657.0	642.0	638.0	643.0	655.0	658.0	662.0	659.0	662.0	669.0	664.0	643.0	626.0	620.0	623.0	636.0	643.0	629.0	625.0	635.0	657.0	715.0	702.0	678.0	682.0	707.0	722.0	633.0	659.0	688.0	718.0	755.0	796.0	635.0	661.0	688.0	718.0	753.0	741.0	756.0	773.0	787.0	775.0	741.0	755.0	773.0	784.0	774.0	595.0	575.0	567.0	573.0	602.0	616.0	620.0	611.0	584.0	579.0	584.0	601.0	584.0	592.0	606.0	598.0	861.0	844.0	837.0	844.0	837.0	846.0	861.0	858.0	856.0	859.0	857.0	858.0	858.0	856.0	859.0	857.0	858.0	874.0	882.0	886.0	882.0	874.0	622.0	696.0	791.0	639.0	716.0	806.0	594.0	645.0	695.0	743.0	789.0	614.0	662.0	723.0	775.0	812.0	838.0	885.0	946.0	969.0	996.0	972.0	945.0	886.0	844.0	557.0	510.0	448.0	404.0	388.0	392.0	394.0	413.0	462.0	521.0	578.0	1009.0	873.0	592.0	483.0	400.0	327.0	296.0	337.0	422.0	519.0	616.0	847.0	1005.0	791.0	818.0	852.0	790.0	820.0	854.0	708.0	737.0	754.0	714.0	741.0	758.0	801.0	828.0	802.0	827.0	934.0	961.0	916.0	911.0	918.0	784.0	793.0	793.0	784.0	1074.0	1077.0	658.0	739.0	676.0	756.0
100	london_face_dataset/neutral_front/100_03.jpg	x	578.0	784.0	578.0	563.0	558.0	564.0	578.0	592.0	597.0	592.0	784.0	770.0	766.0	770.0	785.0	802.0	806.0	802.0	534.0	554.0	578.0	605.0	626.0	739.0	760.0	784.0	808.0	826.0	551.0	578.0	603.0	762.0	786.0	809.0	525.0	548.0	573.0	602.0	621.0	742.0	766.0	792.0	818.0	840.0	571.0	607.0	631.0	733.0	763.0	799.0	658.0	668.0	670.0	666.0	658.0	683.0	701.0	695.0	695.0	699.0	706.0	639.0	632.0	630.0	644.0	646.0	725.0	733.0	735.0	720.0	713.0	486.0	504.0	538.0	578.0	634.0	634.0	723.0	723.0	773.0	820.0	856.0	879.0	532.0	573.0	786.0	827.0	610.0	641.0	662.0	686.0	710.0	734.0	761.0	638.0	661.0	687.0	713.0	738.0	638.0	661.0	687.0	713.0	738.0	631.0	656.0	688.0	720.0	746.0	446.0	462.0	479.0	916.0	901.0	889.0	419.0	407.0	415.0	435.0	470.0	947.0	959.0	951.0	931.0	905.0	494.0	516.0	561.0	627.0	692.0	755.0	823.0	872.0	883.0	451.0	470.0	487.0	528.0	605.0	677.0	752.0	816.0	856.0	882.0	904.0	528.0	418.0	380.0	401.0	458.0	536.0	665.0	807.0	882.0	958.0	989.0	962.0	876.0	611.0	592.0	578.0	768.0	789.0	805.0	483.0	517.0	560.0	887.0	858.0	815.0	666.0	663.0	703.0	707.0	692.0	692.0	656.0	692.0	728.0	669.0	674.0	692.0	695.0	627.0	781.0	451.0	471.0	911.0	894.0
100	london_face_dataset/neutral_front/100_03.jpg	y	585.0	578.0	576.0	579.0	587.0	601.0	606.0	600.0	586.0	579.0	569.0	572.0	580.0	591.0	598.0	591.0	580.0	572.0	595.0	581.0	576.0	582.0	597.0	592.0	576.0	569.0	573.0	584.0	604.0	607.0	601.0	597.0	600.0	597.0	579.0	566.0	560.0	564.0	577.0	572.0	555.0	550.0	553.0	566.0	655.0	640.0	615.0	614.0	640.0	652.0	559.0	589.0	620.0	646.0	677.0	726.0	559.0	589.0	622.0	649.0	677.0	677.0	695.0	713.0	728.0	713.0	677.0	694.0	714.0	726.0	709.0	545.0	514.0	500.0	500.0	512.0	533.0	531.0	514.0	494.0	488.0	500.0	532.0	517.0	525.0	519.0	504.0	808.0	792.0	779.0	783.0	778.0	792.0	805.0	807.0	801.0	803.0	801.0	804.0	807.0	801.0	803.0	801.0	804.0	823.0	832.0	837.0	832.0	820.0	610.0	684.0	768.0	593.0	672.0	753.0	592.0	636.0	684.0	734.0	767.0	575.0	612.0	666.0	720.0	747.0	811.0	856.0	902.0	939.0	950.0	935.0	889.0	818.0	785.0	529.0	458.0	396.0	346.0	326.0	329.0	326.0	354.0	402.0	457.0	513.0	998.0	829.0	589.0	450.0	332.0	257.0	221.0	253.0	315.0	432.0	581.0	799.0	973.0	725.0	751.0	784.0	723.0	750.0	783.0	649.0	675.0	688.0	644.0	671.0	685.0	738.0	765.0	737.0	764.0	884.0	914.0	868.0	858.0	868.0	717.0	723.0	723.0	716.0	1048.0	1048.0	648.0	722.0	633.0	715.0
121	london_face_dataset/neutral_front/121_03.jpg	x	575.0	770.0	575.0	564.0	556.0	560.0	576.0	591.0	593.0	589.0	770.0	757.0	753.0	757.0	770.0	786.0	790.0	787.0	539.0	554.0	575.0	600.0	620.0	726.0	748.0	770.0	794.0	806.0	555.0	576.0	598.0	748.0	771.0	794.0	525.0	545.0	569.0	596.0	616.0	727.0	749.0	774.0	802.0	822.0	556.0	590.0	611.0	733.0	759.0	792.0	648.0	657.0	657.0	654.0	651.0	670.0	697.0	692.0	692.0	693.0	694.0	625.0	617.0	618.0	632.0	632.0	719.0	725.0	724.0	708.0	707.0	497.0	503.0	531.0	576.0	628.0	629.0	707.0	706.0	768.0	808.0	838.0	855.0	530.0	571.0	770.0	813.0	587.0	618.0	645.0	666.0	690.0	717.0	748.0	617.0	641.0	667.0	695.0	717.0	617.0	641.0	667.0	694.0	717.0	613.0	639.0	667.0	699.0	726.0	465.0	465.0	479.0	886.0	879.0	873.0	431.0	407.0	415.0	431.0	460.0	928.0	947.0	941.0	930.0	889.0	485.0	493.0	536.0	596.0	669.0	747.0	817.0	862.0	867.0	478.0	487.0	498.0	549.0	615.0	676.0	743.0	806.0	856.0	865.0	878.0	507.0	412.0	378.0	413.0	487.0	576.0	679.0	784.0	864.0	944.0	982.0	953.0	863.0	583.0	559.0	546.0	754.0	781.0	793.0	481.0	511.0	552.0	868.0	843.0	808.0	652.0	648.0	685.0	687.0	666.0	667.0	631.0	667.0	705.0	653.0	660.0	681.0	686.0	615.0	755.0	463.0	471.0	881.0	876.0
121	london_face_dataset/neutral_front/121_03.jpg	y	542.0	544.0	531.0	533.0	543.0	554.0	557.0	551.0	542.0	533.0	532.0	535.0	544.0	555.0	562.0	557.0	545.0	536.0	550.0	536.0	531.0	535.0	548.0	551.0	535.0	532.0	538.0	550.0	557.0	557.0	553.0	556.0	562.0	558.0	544.0	528.0	519.0	520.0	531.0	538.0	520.0	517.0	526.0	546.0	610.0	597.0	576.0	580.0	601.0	612.0	524.0	552.0	577.0	597.0	617.0	667.0	525.0	552.0	576.0	598.0	620.0	622.0	639.0	657.0	672.0	653.0	627.0	642.0	661.0	673.0	656.0	536.0	494.0	472.0	469.0	488.0	505.0	501.0	484.0	459.0	465.0	487.0	525.0	510.0	500.0	495.0	504.0	759.0	732.0	718.0	723.0	720.0	738.0	766.0	755.0	748.0	752.0	752.0	763.0	755.0	748.0	752.0	752.0	763.0	774.0	784.0	789.0	789.0	783.0	612.0	682.0	767.0	615.0	690.0	766.0	599.0	644.0	701.0	756.0	770.0	599.0	631.0	688.0	742.0	776.0	795.0	815.0	875.0	926.0	935.0	922.0	877.0	805.0	786.0	520.0	458.0	377.0	344.0	330.0	326.0	337.0	351.0	382.0	460.0	531.0	950.0	806.0	600.0	431.0	326.0	266.0	245.0	270.0	323.0	441.0	604.0	787.0	946.0	680.0	709.0	754.0	682.0	718.0	762.0	612.0	635.0	645.0	613.0	641.0	655.0	677.0	707.0	679.0	709.0	853.0	884.0	837.0	828.0	839.0	658.0	665.0	666.0	659.0	1026.0	1029.0	645.0	723.0	650.0	728.0
124	london_face_dataset/neutral_front/124_03.jpg	x	569.0	773.0	570.0	554.0	551.0	555.0	569.0	583.5	588.5	585.0	773.0	759.0	755.0	759.0	773.0	788.0	792.0	788.0	529.0	546.0	570.0	597.0	618.0	724.0	751.0	773.0	798.0	813.0	546.0	570.0	595.0	751.0	774.0	797.0	518.0	543.0	570.0	597.0	617.0	727.0	748.0	774.0	800.0	820.0	558.0	593.0	621.0	725.5	754.5	785.5	649.0	658.0	658.0	657.0	650.0	669.0	697.0	690.0	688.0	689.0	693.0	625.0	618.0	617.0	633.0	635.0	714.0	722.0	723.0	708.0	706.0	483.0	501.0	536.0	578.0	629.0	626.0	719.0	714.0	767.0	811.0	844.0	863.0	523.0	569.0	774.0	818.0	586.0	618.0	647.0	669.0	695.0	723.0	744.0	622.0	648.0	670.0	696.0	721.0	622.0	648.0	670.0	696.0	721.0	611.0	639.0	671.0	704.0	726.0	450.0	450.0	460.0	890.0	886.0	868.0	398.0	399.0	406.0	417.0	438.0	933.0	937.0	927.0	913.0	889.0	471.0	498.0	548.0	608.0	670.0	730.0	772.0	807.0	851.0	461.0	489.0	508.0	541.0	601.0	668.0	740.0	803.0	841.0	859.0	880.0	498.0	397.0	359.0	387.0	462.0	551.0	673.0	817.0	901.0	957.0	978.0	925.0	811.0	598.5	580.5	567.0	749.0	769.0	781.0	474.5	499.0	544.0	868.0	848.0	809.0	653.0	648.0	689.0	693.0	670.0	670.0	632.0	670.0	705.0	652.0	657.0	679.0	686.0	586.0	730.0	448.0	455.0	890.0	875.0
124	london_face_dataset/neutral_front/124_03.jpg	y	607.0	609.0	594.0	597.0	608.0	619.0	624.0	618.5	608.5	599.0	594.0	599.0	609.0	620.0	626.0	620.0	609.0	598.0	610.0	598.0	594.0	604.0	621.0	622.0	603.0	594.0	599.0	612.0	621.0	625.0	622.0	624.0	627.0	623.0	595.0	582.0	580.0	587.0	605.0	604.0	586.0	580.0	583.0	592.0	680.5	664.5	640.5	644.5	669.5	686.5	590.0	616.0	648.0	676.0	713.0	760.0	590.0	617.0	647.0	675.0	712.0	707.0	723.0	741.0	756.0	744.0	707.0	723.0	741.0	755.0	744.0	572.0	546.0	533.0	541.0	566.0	575.0	574.0	561.0	540.0	533.0	546.0	574.0	553.0	560.0	561.0	553.0	829.0	814.0	804.0	808.0	802.0	813.0	829.0	833.0	828.0	829.0	826.0	832.0	833.0	828.0	829.0	826.0	832.0	854.0	866.0	871.0	864.0	852.0	586.0	659.0	734.0	592.0	665.0	735.0	565.0	618.0	659.0	709.0	742.0	562.0	605.0	654.0	711.0	743.0	802.0	869.0	916.0	952.0	964.0	951.0	925.0	894.0	815.0	527.0	477.0	427.0	385.0	364.0	364.0	360.0	380.0	416.0	471.0	526.0	969.0	811.0	612.0	447.0	330.0	259.0	224.0	265.0	351.0	461.0	621.0	826.0	990.0	751.0	775.0	808.0	750.0	778.0	811.0	671.5	706.0	728.0	673.0	710.0	734.0	767.0	794.0	767.0	793.5	912.5	939.5	892.0	884.0	893.0	749.0	756.0	757.0	750.0	1027.0	1032.0	622.0	693.0	628.0	703.0
141	london_face_dataset/neutral_front/141_03.jpg	x	587.0	766.0	586.0	570.0	567.0	571.0	587.0	601.0	606.0	600.0	766.0	753.0	748.0	753.0	766.0	781.0	786.0	780.0	549.0	563.0	586.0	610.0	629.0	724.0	742.0	766.0	788.0	804.0	562.0	587.0	609.0	746.0	766.0	787.0	539.0	556.0	582.0	609.0	627.0	727.0	744.0	769.0	797.0	816.0	571.0	604.0	629.0	722.0	749.0	778.0	653.0	659.0	660.0	659.0	655.0	676.0	700.0	694.0	695.0	696.0	700.0	629.0	623.0	626.0	639.0	637.0	722.0	729.0	729.0	716.0	716.0	507.0	517.0	543.0	584.0	633.0	629.0	713.0	711.0	764.0	804.0	831.0	854.0	539.0	579.0	774.0	812.0	609.0	634.0	657.0	677.0	698.0	720.0	749.0	634.0	655.0	678.0	703.0	723.0	634.0	655.0	678.0	703.0	723.0	627.0	650.0	679.0	709.0	731.0	476.0	481.0	488.0	887.0	887.0	883.0	430.0	424.0	438.0	454.0	474.0	954.0	951.0	946.0	928.0	897.0	497.0	522.0	565.0	617.0	686.0	756.0	829.0	871.0	878.0	479.0	476.0	498.0	543.0	608.0	679.0	749.0	812.0	855.0	875.0	879.0	522.0	425.0	392.0	418.0	474.0	567.0	685.0	811.0	900.0	964.0	991.0	963.0	871.0	605.0	588.0	573.0	756.0	774.0	787.0	496.0	522.0	562.0	865.0	840.0	799.0	662.0	658.0	694.0	696.0	680.0	681.0	649.0	680.0	711.0	661.0	667.0	686.0	693.0	617.0	754.0	476.0	486.0	889.0	885.0
141	london_face_dataset/neutral_front/141_03.jpg	y	612.0	613.0	596.0	600.0	611.0	624.0	630.0	625.0	612.0	600.0	600.0	602.0	613.0	625.0	631.0	625.0	613.0	603.0	613.0	602.0	596.0	605.0	622.0	623.0	606.0	600.0	605.0	616.0	626.0	630.0	627.0	628.0	632.0	628.0	604.0	588.0	582.0	587.0	604.0	604.0	589.0	584.0	590.0	605.0	679.0	667.0	645.0	646.0	670.0	684.0	599.0	625.0	653.0	682.0	710.0	756.0	600.0	626.0	655.0	682.0	711.0	711.0	728.0	745.0	756.0	742.0	712.0	726.0	742.0	756.0	743.0	593.0	564.0	548.0	547.0	566.0	578.0	579.0	567.0	550.0	552.0	563.0	601.0	574.0	569.0	571.0	576.0	827.0	809.0	799.0	803.0	798.0	809.0	827.0	824.0	822.0	824.0	821.0	824.0	824.0	822.0	824.0	821.0	824.0	844.0	854.0	858.0	854.0	844.0	624.0	699.0	776.0	629.0	704.0	774.0	602.0	651.0	698.0	746.0	776.0	606.0	649.0	693.0	736.0	779.0	840.0	899.0	934.0	953.0	959.0	951.0	920.0	866.0	821.0	546.0	480.0	410.0	375.0	367.0	380.0	366.0	383.0	420.0	485.0	553.0	992.0	807.0	598.0	476.0	369.0	302.0	269.0	307.0	380.0	485.0	606.0	811.0	977.0	755.0	781.0	812.0	757.0	782.0	812.0	668.0	696.0	711.0	677.0	701.0	714.0	763.0	786.0	763.0	787.0	898.0	923.0	879.0	872.0	880.0	747.0	753.0	755.0	749.0	1047.0	1051.0	662.0	736.0	670.0	741.0
033	london_face_dataset/neutral_front/033_03.jpg	x	578.0	782.0	575.0	560.0	557.0	564.0	579.0	591.0	595.0	590.0	781.5	768.0	764.0	770.0	784.0	797.0	802.0	798.5	540.0	554.0	574.0	602.0	626.0	733.0	756.0	782.0	797.0	823.0	559.0	579.0	602.0	756.0	785.0	809.0	526.0	550.0	573.0	603.0	624.0	734.0	758.0	782.0	805.0	838.0	556.0	595.0	624.0	735.5	764.5	799.5	661.0	669.0	672.0	666.0	660.0	687.0	701.0	694.0	697.0	704.0	711.0	637.0	626.0	629.0	644.0	639.0	736.0	744.0	738.0	725.0	728.0	490.0	497.0	529.0	583.0	655.0	651.0	709.0	711.0	772.0	830.0	858.0	878.0	531.0	570.0	782.0	823.0	598.0	627.0	658.0	679.0	700.0	739.0	770.0	630.0	655.5	680.5	706.5	735.0	630.0	655.0	680.0	707.0	735.0	628.0	649.0	681.0	712.0	740.0	458.0	463.0	472.0	908.0	896.0	883.0	419.0	397.0	412.0	421.0	459.0	942.0	950.0	937.0	925.0	903.0	477.0	481.0	527.0	604.0	684.0	754.0	827.0	874.0	880.0	464.0	485.0	490.0	541.0	597.0	673.0	751.0	816.0	863.0	874.0	899.0	487.0	400.0	383.0	403.0	458.0	543.0	669.0	799.0	891.0	948.0	974.0	945.0	867.0	611.0	581.0	555.0	761.5	789.0	811.0	482.5	517.5	563.5	881.0	848.0	805.0	667.0	658.0	697.0	698.0	687.0	688.0	643.0	684.0	726.0	670.0	677.0	694.0	701.0	605.0	754.0	457.0	471.0	904.0	888.0
033	london_face_dataset/neutral_front/033_03.jpg	y	575.0	572.0	562.0	568.0	577.0	590.0	593.0	587.0	578.0	566.0	558.5	564.0	574.0	586.0	591.0	586.0	574.0	563.5	584.0	571.0	562.0	570.0	584.0	581.0	567.0	558.0	563.0	581.0	593.0	593.0	588.0	586.0	593.0	589.0	579.0	562.0	554.0	551.0	556.0	554.0	545.0	545.0	552.0	572.0	642.0	637.0	615.0	611.5	634.5	641.5	557.0	580.0	608.0	634.0	661.0	710.0	555.0	578.0	608.0	635.0	663.0	665.0	683.0	706.0	712.0	690.0	667.0	687.0	705.0	712.0	687.0	581.0	537.0	506.0	498.0	505.0	535.0	532.0	498.0	494.0	500.0	521.0	575.0	545.0	533.0	527.0	537.0	801.0	779.0	765.5	771.5	765.5	777.5	800.0	789.0	786.0	788.0	786.0	792.0	789.0	786.0	788.0	786.0	792.0	804.0	803.0	807.0	807.0	806.0	630.0	690.0	777.0	634.0	704.0	787.0	606.0	639.0	693.0	730.0	781.0	614.0	666.0	711.0	752.0	783.0	800.0	817.0	889.0	941.0	954.0	942.0	897.0	826.0	807.0	572.0	491.0	404.0	360.0	339.0	346.0	339.0	361.0	396.0	476.0	549.0	973.0	808.0	605.0	504.0	376.0	291.0	253.0	287.0	374.0	489.0	615.0	823.0	973.0	721.0	748.0	779.0	725.0	753.0	781.0	649.5	671.5	681.5	649.5	673.5	681.5	727.0	754.0	726.0	755.0	898.0	935.0	871.0	859.0	867.0	692.0	708.0	707.0	693.0	1055.0	1053.0	660.0	732.0	665.0	745.0
101	london_face_dataset/neutral_front/101_03.jpg	x	569.0	772.0	568.0	555.0	549.0	553.0	568.0	584.0	586.0	582.0	772.0	758.0	754.0	758.0	772.0	787.0	789.0	786.0	530.0	547.0	569.0	591.0	613.0	728.0	749.0	772.0	794.0	810.0	544.0	569.0	592.0	750.0	772.0	795.0	511.0	533.0	560.0	590.0	616.0	731.0	756.0	784.0	815.0	831.0	558.0	594.0	618.0	720.0	741.0	777.0	646.0	653.0	653.0	648.0	642.0	664.0	692.0	686.0	683.0	683.0	687.0	618.0	609.0	608.0	621.0	617.0	712.0	721.0	721.0	710.0	710.0	482.0	503.0	535.0	577.0	635.0	636.0	703.0	694.0	766.0	810.0	848.0	864.0	521.0	571.0	769.0	812.0	583.0	616.0	640.0	663.0	688.0	712.0	743.0	618.0	638.0	663.0	688.0	712.0	618.0	638.0	663.0	688.0	712.0	607.0	631.0	662.0	695.0	722.0	457.0	452.0	460.0	894.0	896.0	889.0	430.0	422.0	420.0	429.0	451.0	949.0	946.0	943.0	926.0	900.0	471.0	498.0	545.0	597.0	660.0	742.0	805.0	856.0	878.0	473.0	480.0	502.0	554.0	619.0	682.0	740.0	804.0	857.0	880.0	878.0	492.0	393.0	373.0	407.0	472.0	567.0	697.0	829.0	917.0	973.0	997.0	960.0	855.0	583.0	565.0	551.0	742.0	768.0	779.0	473.5	500.0	538.0	880.0	850.0	805.0	647.0	642.0	677.0	682.0	661.0	661.0	633.0	662.0	695.0	641.0	651.0	677.0	686.0	597.0	746.0	456.0	456.0	897.0	891.0
101	london_face_dataset/neutral_front/101_03.jpg	y	619.0	626.0	609.5	612.0	619.0	630.0	634.0	627.0	619.0	612.0	619.0	621.0	626.0	637.0	641.0	638.0	627.0	622.0	626.0	614.0	610.0	615.0	631.0	634.0	622.0	619.0	624.0	635.0	633.0	634.0	631.0	637.0	641.0	641.0	624.0	613.0	609.0	606.0	614.0	613.0	611.0	617.0	625.0	637.0	696.0	679.0	658.0	661.0	685.0	703.0	607.0	634.0	667.0	703.0	741.0	780.0	608.0	637.0	668.0	704.0	742.0	725.0	742.0	761.0	774.0	763.0	727.0	743.0	760.0	774.0	764.0	603.0	569.0	561.0	563.0	579.0	600.0	607.0	585.0	568.0	569.0	586.0	624.0	596.0	597.0	604.0	605.0	862.0	854.0	849.0	855.0	850.0	855.0	861.0	861.0	860.0	863.0	861.0	861.0	861.0	860.0	863.0	861.0	861.0	878.0	885.0	887.0	885.0	877.0	603.0	675.0	754.0	610.0	685.0	764.0	578.0	618.0	670.0	722.0	750.0	585.0	639.0	691.0	746.0	765.0	826.0	892.0	951.0	992.0	1009.0	988.0	939.0	870.0	815.0	536.0	475.0	419.0	389.0	391.0	397.0	389.0	388.0	410.0	480.0	534.0	998.0	811.0	626.0	454.0	349.0	276.0	248.0	287.0	359.0	461.0	626.0	821.0	997.0	778.0	812.0	861.0	783.0	818.0	867.0	689.5	718.0	737.0	692.0	721.0	739.0	797.0	837.0	798.0	838.0	949.0	977.0	928.0	926.0	930.0	770.0	778.0	779.0	772.0	1074.0	1075.0	637.0	713.0	647.0	723.0
009	london_face_dataset/neutral_front/009_03.jpg	x	579.0	773.0	578.0	561.0	559.0	565.0	579.0	591.0	599.0	597.0	775.0	760.0	757.0	761.0	775.0	790.0	794.0	790.0	535.0	553.0	578.0	598.0	621.0	728.0	753.0	776.0	800.0	818.0	551.0	577.0	600.0	751.0	775.0	800.0	525.0	547.0	576.0	601.0	619.0	730.0	753.0	781.0	808.0	826.0	566.0	598.0	627.0	722.0	752.0	784.0	655.0	660.0	661.0	658.0	647.0	669.0	696.0	690.0	686.0	685.0	688.0	630.0	618.0	620.0	637.0	633.0	719.0	726.0	726.0	710.0	701.0	493.0	518.0	552.0	595.0	648.0	641.0	714.0	721.0	759.0	798.0	829.0	855.0	529.0	576.0	768.0	810.0	596.0	623.0	650.0	672.0	698.0	724.0	757.0	622.0	647.0	673.0	697.0	723.0	623.0	648.0	674.0	697.0	723.0	614.0	643.0	675.0	708.0	732.0	461.0	462.0	480.0	895.0	896.0	879.0	424.0	410.0	418.0	426.0	457.0	942.0	952.0	943.0	934.0	905.0	492.0	520.0	571.0	623.0	676.0	731.0	794.0	842.0	862.0	480.0	493.0	525.0	565.0	617.0	684.0	754.0	809.0	841.0	871.0	886.0	523.0	415.0	398.0	418.0	466.0	551.0	697.0	813.0	895.0	946.0	969.0	937.0	834.0	600.0	582.0	567.0	749.0	767.0	780.0	503.0	540.0	580.0	850.0	815.0	773.0	656.0	651.0	690.0	693.0	674.0	674.0	637.0	674.0	711.0	650.0	660.0	678.0	685.0	617.0	735.0	457.0	470.0	898.0	891.0
009	london_face_dataset/neutral_front/009_03.jpg	y	624.0	626.0	609.0	617.0	628.0	636.0	643.0	638.0	627.0	616.0	612.0	617.0	629.0	640.0	645.0	638.0	628.0	616.0	628.0	613.0	608.0	616.0	637.0	639.0	618.0	610.0	616.0	630.0	640.0	646.0	642.0	645.0	646.0	643.0	618.0	607.0	604.0	609.0	621.0	621.0	608.0	602.0	606.0	617.0	692.0	679.0	657.0	657.0	682.0	695.0	616.0	645.0	675.0	702.0	741.0	780.0	618.0	646.0	674.0	700.0	741.0	723.0	742.0	768.0	773.0	765.0	729.0	746.0	763.0	775.0	764.0	598.0	558.0	551.0	559.0	571.0	594.0	587.0	559.0	552.0	540.0	549.0	573.0	569.0	579.0	578.0	560.0	832.0	826.0	824.0	830.0	826.0	828.0	835.0	840.0	842.0	845.0	841.0	841.0	841.0	842.0	844.0	841.0	842.0	863.0	876.0	879.0	874.0	865.0	597.0	673.0	757.0	614.0	668.0	755.0	582.0	618.0	668.0	703.0	755.0	587.0	612.0	661.0	698.0	749.0	819.0	877.0	936.0	968.0	976.0	965.0	920.0	864.0	816.0	530.0	480.0	431.0	399.0	382.0	379.0	385.0	403.0	437.0	478.0	531.0	976.0	785.0	581.0	492.0	386.0	301.0	265.0	296.0	369.0	479.0	590.0	814.0	978.0	758.0	781.0	811.0	760.0	786.0	815.0	693.0	711.0	714.0	697.0	717.0	722.0	789.0	814.0	785.0	813.0	925.0	951.0	908.0	901.0	910.0	768.0	776.0	775.0	765.0	1048.0	1051.0	634.0	709.0	638.0	705.0
006	london_face_dataset/neutral_front/006_03.jpg	x	570.0	776.0	570.0	553.0	550.0	555.0	568.0	585.0	590.0	589.0	776.0	760.0	757.0	762.0	776.0	791.0	795.0	792.0	529.0	546.0	570.0	593.0	624.0	725.0	752.0	775.0	799.0	817.0	545.0	568.0	594.0	753.0	777.0	802.0	524.0	540.0	567.0	597.0	611.0	736.0	749.0	775.0	807.0	824.0	565.0	602.0	625.0	722.0	747.0	779.0	654.0	660.0	662.0	658.0	652.0	676.0	690.0	684.0	684.0	689.0	697.0	626.0	612.0	617.0	638.0	636.0	728.0	735.0	734.0	721.0	712.0	491.0	518.0	550.0	598.0	640.0	648.0	722.0	722.0	762.0	796.0	831.0	856.0	531.0	582.0	762.0	809.0	595.0	626.0	652.0	676.0	703.0	721.0	750.0	627.0	652.0	674.0	702.0	726.0	627.0	651.0	674.0	702.0	726.0	619.0	646.0	675.0	706.0	733.0	449.0	451.0	464.0	895.0	890.0	878.0	415.0	402.0	410.0	417.0	438.0	929.0	946.0	935.0	927.0	907.0	482.0	515.0	555.0	600.0	676.0	755.0	806.0	841.0	865.0	475.0	498.0	516.0	548.0	597.0	658.0	732.0	795.0	842.0	858.0	875.0	531.0	432.0	378.0	412.0	464.0	534.0	672.0	810.0	878.0	928.0	972.0	937.0	842.0	588.0	569.0	556.0	752.0	773.0	789.0	489.0	528.0	571.0	852.0	818.0	774.0	656.0	654.0	694.0	699.0	677.0	677.0	635.0	673.0	714.0	655.0	664.0	690.0	700.0	618.0	747.0	452.0	458.0	893.0	886.0
006	london_face_dataset/neutral_front/006_03.jpg	y	620.0	630.0	604.0	609.0	621.0	631.0	638.0	632.0	622.0	611.0	616.0	621.0	631.0	640.0	648.0	642.0	632.0	621.0	628.0	610.0	605.0	612.0	633.0	640.0	623.0	616.0	622.0	638.0	637.0	641.0	637.0	645.0	650.0	647.0	616.0	601.0	593.0	597.0	603.0	610.0	603.0	597.0	606.0	623.0	687.0	677.0	653.0	659.0	682.0	697.0	605.0	630.0	661.0	691.0	722.0	773.0	607.0	632.0	663.0	693.0	727.0	714.0	731.0	754.0	763.0	751.0	716.0	736.0	755.0	763.0	752.0	607.0	562.0	548.0	551.0	559.0	585.0	589.0	565.0	556.0	551.0	564.0	604.0	570.0	572.0	578.0	571.0	831.0	810.0	801.0	806.0	803.0	815.0	832.0	824.0	824.0	824.0	822.0	828.0	825.0	823.0	824.0	822.0	828.0	841.0	852.0	854.0	851.0	847.0	654.0	722.0	796.0	672.0	731.0	808.0	636.0	685.0	725.0	772.0	811.0	655.0	671.0	737.0	775.0	822.0	863.0	914.0	944.0	958.0	970.0	955.0	934.0	899.0	851.0	580.0	500.0	440.0	400.0	377.0	369.0	381.0	408.0	458.0	516.0	598.0	1013.0	875.0	643.0	500.0	408.0	337.0	302.0	344.0	414.0	510.0	659.0	840.0	990.0	767.0	789.0	818.0	763.0	789.0	820.0	690.0	713.0	720.0	689.0	710.0	716.0	769.0	791.0	770.0	792.0	910.0	934.0	894.0	885.0	898.0	756.0	767.0	768.0	757.0	1067.0	1069.0	686.0	769.0	694.0	769.0
117	london_face_dataset/neutral_front/117_03.jpg	x	581.0	771.0	581.0	567.0	562.0	566.0	581.0	594.0	598.0	593.0	771.0	759.0	754.0	757.0	770.0	786.0	790.0	786.0	545.0	562.0	580.0	604.0	628.0	728.0	750.0	771.0	794.0	808.0	560.0	580.0	605.0	751.0	771.0	795.0	534.0	554.0	577.0	604.0	625.0	728.0	748.0	775.0	800.0	818.0	571.0	605.0	628.0	731.0	755.0	789.0	658.0	663.0	662.0	664.0	656.0	679.0	701.0	698.0	698.0	698.0	705.0	627.0	621.0	621.0	636.0	638.0	732.0	737.0	733.0	720.0	717.0	498.0	516.0	551.0	592.0	647.0	648.0	708.0	705.0	758.0	802.0	839.0	854.0	548.0	586.0	764.0	804.0	591.0	621.0	650.0	675.0	703.0	731.0	752.0	626.0	651.0	675.0	701.0	723.0	626.0	651.0	675.0	701.0	723.0	617.0	642.0	675.0	704.0	731.0	468.0	464.0	468.0	875.0	875.0	868.0	413.0	420.0	419.0	431.0	446.0	919.0	923.0	917.0	905.0	881.0	474.0	483.0	528.0	586.0	669.0	740.0	806.0	843.0	860.0	485.0	497.0	512.0	557.0	610.0	678.0	746.0	800.0	838.0	861.0	864.0	485.0	394.0	378.0	409.0	469.0	558.0	667.0	789.0	863.0	933.0	956.0	934.0	842.0	586.0	568.0	555.0	763.0	785.0	793.0	490.0	516.0	557.0	860.0	841.0	804.0	657.0	651.0	696.0	701.0	674.0	674.0	636.0	674.0	713.0	663.0	668.0	688.0	692.0	584.0	744.0	467.0	466.0	875.0	872.0
117	london_face_dataset/neutral_front/117_03.jpg	y	562.0	569.0	554.0	556.0	564.0	573.0	579.0	574.0	563.0	556.0	558.0	561.0	570.0	580.0	586.0	581.0	570.0	561.0	567.0	557.0	554.0	560.0	576.0	579.0	564.0	558.0	564.0	575.0	577.0	579.0	577.0	583.0	587.0	584.0	553.0	542.0	540.0	545.0	559.0	566.0	550.0	544.0	548.0	559.0	632.0	619.0	597.0	602.0	625.0	639.0	547.0	569.0	592.0	617.0	639.0	691.0	548.0	569.0	593.0	618.0	641.0	658.0	674.0	691.0	702.0	678.0	665.0	682.0	697.0	705.0	679.0	547.0	507.0	498.0	500.0	517.0	538.0	541.0	528.0	504.0	503.0	517.0	557.0	529.0	526.0	534.0	532.0	783.0	763.0	751.0	759.0	754.0	769.0	792.0	779.0	777.0	781.0	778.0	785.0	779.0	777.0	781.0	778.0	785.0	801.0	813.0	817.0	816.0	807.0	578.0	647.0	727.0	588.0	659.0	740.0	559.0	602.0	649.0	691.0	741.0	575.0	619.0	664.0	706.0	748.0	772.0	814.0	884.0	919.0	942.0	935.0	894.0	845.0	789.0	504.0	439.0	379.0	342.0	331.0	323.0	335.0	360.0	403.0	457.0	519.0	949.0	761.0	555.0	439.0	344.0	266.0	235.0	276.0	340.0	450.0	574.0	780.0	963.0	713.0	738.0	771.0	718.0	750.0	783.0	629.0	654.0	667.0	633.0	657.0	671.0	713.0	743.0	715.0	744.0	865.0	891.0	845.0	836.0	848.0	681.0	689.0	690.0	682.0	1012.0	1019.0	613.0	685.0	621.0	695.0
039	london_face_dataset/neutral_front/039_03.jpg	x	571.0	778.0	571.0	556.0	552.0	557.0	572.0	587.0	591.0	588.0	779.0	764.0	759.0	764.0	780.0	794.0	798.0	794.0	528.0	546.0	571.0	595.0	622.0	729.0	755.0	779.0	803.0	820.0	546.0	572.0	597.0	753.0	779.0	803.0	519.0	540.0	566.0	590.0	609.0	732.0	754.0	781.0	807.0	830.0	562.25	598.0	624.0	725.75	753.75	787.75	656.0	663.0	662.0	659.0	651.0	673.0	698.0	690.0	688.0	690.0	697.0	628.0	621.0	621.0	637.0	637.0	719.0	727.0	727.0	709.0	709.0	485.0	503.0	533.0	565.0	628.0	627.0	724.0	722.0	782.0	818.0	846.0	862.0	525.0	562.0	779.0	823.0	584.0	621.0	647.0	671.0	694.0	723.0	749.0	617.0	641.0	670.0	697.0	720.0	617.0	641.0	670.0	697.0	720.0	610.5	639.0	670.5	704.5	729.5	439.0	447.0	460.0	894.0	886.0	871.0	410.0	405.0	411.0	426.0	452.0	924.0	930.0	921.0	909.0	886.0	473.0	502.0	553.0	608.0	669.0	728.0	782.0	826.0	856.0	461.0	482.0	496.0	539.0	604.0	677.0	755.0	819.0	858.0	867.0	878.0	501.0	377.0	364.0	386.0	448.0	543.0	682.0	828.0	920.0	967.0	975.0	947.0	822.0	604.5	584.5	569.5	745.0	764.0	778.0	472.0	504.0	554.0	873.0	849.0	805.0	656.25	652.25	688.75	693.75	670.0	670.0	630.0	670.0	709.0	655.0	664.0	682.0	690.0	608.0	733.0	441.0	456.0	895.0	876.0
039	london_face_dataset/neutral_front/039_03.jpg	y	604.0	612.0	589.0	593.0	605.0	617.0	623.0	616.0	605.0	594.0	595.0	601.0	613.0	625.0	632.0	625.0	613.0	601.0	611.0	595.0	589.0	595.0	616.0	622.0	602.0	595.0	604.0	619.0	621.0	625.0	620.0	627.0	632.0	629.0	598.0	582.0	577.0	580.0	587.0	599.0	587.0	584.0	590.0	609.0	680.5	666.0	642.0	648.5	673.5	687.5	594.0	619.0	649.0	679.0	710.0	756.0	595.0	620.0	649.0	680.0	711.0	706.0	722.0	741.0	756.0	737.0	711.0	726.0	745.0	757.0	739.0	578.0	549.0	533.0	532.0	556.0	568.0	575.0	562.0	538.0	543.0	558.0	587.0	554.0	549.0	559.0	562.0	837.0	818.0	808.0	812.0	810.0	826.0	842.0	837.0	835.0	836.0	836.0	839.0	837.0	835.0	836.0	836.0	839.0	862.0	873.0	878.0	874.0	861.0	624.0	700.0	786.0	629.0	713.0	796.0	608.0	648.0	702.0	747.0	781.0	608.0	646.0	692.0	742.0	790.0	854.0	907.0	948.0	976.0	988.0	974.0	948.0	914.0	863.0	550.0	484.0	412.0	369.0	355.0	354.0	361.0	382.0	423.0	490.0	555.0	1028.0	781.0	611.0	463.0	354.0	270.0	246.0	282.0	371.0	487.0	618.0	824.0	1038.0	751.5	777.5	810.5	753.0	780.0	815.0	675.0	707.0	719.0	680.0	712.0	722.0	765.25	797.25	766.0	799.0	924.5	954.5	898.5	891.5	900.5	737.0	753.0	754.0	739.0	1088.0	1091.0	662.0	742.0	673.0	756.0
024	london_face_dataset/neutral_front/024_03.jpg	x	581.0	772.0	579.0	565.0	562.0	564.0	578.0	592.0	599.0	595.0	773.0	756.0	755.0	757.0	774.0	785.0	790.0	788.0	543.0	560.0	579.0	600.0	623.0	727.0	750.0	773.0	793.0	808.0	559.0	578.0	601.0	750.0	770.0	793.0	529.0	551.0	577.0	604.0	624.0	725.0	748.0	775.0	799.0	814.0	568.0	609.0	633.0	716.0	740.0	776.0	662.0	667.0	668.0	663.0	657.0	677.0	695.0	690.0	689.0	693.0	699.0	627.0	621.0	618.0	637.0	641.0	720.0	733.0	730.0	708.0	710.0	520.0	527.0	553.0	591.0	633.0	637.0	746.0	739.0	768.0	798.0	825.0	847.0	543.0	585.0	761.0	807.0	594.0	626.0	655.0	673.0	688.0	718.0	743.0	625.0	648.0	671.0	696.0	718.0	625.0	647.0	673.0	696.0	718.0	619.0	642.0	669.0	698.0	722.0	460.0	453.0	458.0	872.0	871.0	870.0	409.0	402.0	408.0	414.0	435.0	919.0	916.0	914.0	909.0	889.0	464.0	482.0	540.0	605.0	677.0	736.0	799.0	842.0	864.0	478.0	512.0	516.0	550.0	622.0	681.0	755.0	809.0	832.0	835.0	864.0	493.0	395.0	383.0	418.0	482.0	567.0	668.0	807.0	880.0	928.0	953.0	934.0	840.0	598.0	573.0	560.0	740.0	756.0	772.0	501.0	543.0	586.0	844.0	809.0	767.0	661.0	656.0	694.0	696.0	673.0	674.0	632.0	671.0	710.0	657.0	665.0	688.0	696.0	597.0	728.0	455.0	454.0	874.0	872.0
024	london_face_dataset/neutral_front/024_03.jpg	y	593.0	600.0	578.0	584.0	594.0	602.0	609.0	605.0	595.0	583.0	587.0	591.0	601.0	610.0	615.0	613.0	603.0	592.0	593.0	582.0	578.0	583.0	605.0	609.0	592.0	586.0	594.0	606.0	605.0	609.0	608.0	613.0	618.0	617.0	587.0	575.0	571.0	575.0	592.0	599.0	584.0	581.0	585.0	598.0	648.0	644.0	619.0	621.0	646.0	658.0	581.0	601.0	629.0	657.0	686.0	733.0	580.0	603.0	629.0	657.0	688.0	682.0	697.0	720.0	728.0	718.0	686.0	711.0	726.0	729.0	720.0	564.0	546.0	539.0	538.0	554.0	572.0	570.0	556.0	546.0	546.0	554.0	576.0	555.0	556.0	565.0	564.0	798.0	776.0	767.0	772.0	768.0	780.0	803.0	795.0	793.0	794.0	792.0	798.0	794.0	792.0	793.0	793.0	798.0	806.0	819.0	823.0	821.0	812.0	586.0	654.0	720.0	602.0	667.0	742.0	553.0	582.0	645.0	687.0	726.0	577.0	609.0	659.0	699.0	747.0	786.0	833.0	891.0	930.0	939.0	925.0	895.0	852.0	796.0	524.0	477.0	414.0	385.0	379.0	381.0	383.0	400.0	436.0	492.0	545.0	954.0	758.0	551.0	460.0	376.0	327.0	299.0	343.0	416.0	493.0	574.0	796.0	956.0	711.0	742.0	779.0	707.0	730.0	766.0	656.0	677.0	682.0	665.0	685.0	689.0	737.0	761.0	739.0	762.0	880.0	906.0	857.0	848.0	857.0	719.0	725.0	728.0	719.0	1026.0	1023.0	627.0	687.0	635.0	705.0
018	london_face_dataset/neutral_front/018_03.jpg	x	569.0	776.0	568.0	552.0	551.0	554.0	570.0	582.0	588.0	582.0	776.0	761.0	758.0	762.0	778.0	791.0	795.0	791.0	523.0	543.0	566.0	586.0	615.0	726.0	754.0	776.0	800.0	820.0	544.0	570.0	592.0	753.0	774.0	799.0	518.0	537.0	564.0	592.0	617.0	727.0	748.0	776.0	807.0	829.0	555.0	592.0	621.0	721.0	752.0	787.0	649.0	657.0	660.0	658.0	651.0	676.0	693.0	687.0	688.0	692.0	701.0	627.0	619.0	617.0	644.0	637.0	724.0	734.0	732.0	709.0	713.0	483.0	488.0	514.0	571.0	630.0	624.0	726.0	709.0	778.0	832.0	862.0	865.0	522.0	564.0	778.0	828.0	597.0	628.0	655.0	679.0	706.0	731.0	762.0	630.0	654.0	679.0	705.0	732.0	631.0	653.0	679.0	705.0	733.0	625.0	649.0	681.0	718.0	741.0	460.0	471.0	479.0	885.0	882.0	874.0	420.0	410.0	420.0	432.0	457.0	911.0	932.0	932.0	917.0	895.0	481.0	498.0	558.0	615.0	681.0	747.0	811.0	865.0	871.0	459.0	485.0	489.0	521.0	587.0	656.0	727.0	782.0	837.0	849.0	880.0	507.0	414.0	387.0	410.0	452.0	538.0	667.0	793.0	870.0	923.0	954.0	937.0	862.0	604.0	584.0	569.0	753.0	775.0	794.0	489.0	532.0	577.0	859.0	825.0	782.0	658.0	655.0	695.0	702.0	683.0	686.0	642.0	684.0	727.0	658.0	664.0	689.0	690.0	617.0	762.0	464.0	479.0	884.0	878.0
018	london_face_dataset/neutral_front/018_03.jpg	y	585.0	578.0	572.0	578.0	589.0	598.0	604.0	597.0	586.0	575.0	565.0	571.0	581.0	591.0	598.0	591.0	580.0	569.0	598.0	580.0	571.0	575.0	593.0	591.0	571.0	564.0	570.0	587.0	606.0	605.0	600.0	593.0	598.0	597.0	583.0	567.0	559.0	559.0	571.0	571.0	555.0	550.0	555.0	573.0	647.0	633.0	610.0	611.0	633.0	646.0	564.0	586.0	615.0	642.0	672.0	717.0	562.0	585.0	614.0	640.0	671.0	666.0	681.0	700.0	714.0	703.0	668.0	686.0	705.0	712.0	702.0	587.0	552.0	525.0	500.0	505.0	535.0	534.0	512.0	495.0	512.0	546.0	578.0	557.0	534.0	530.0	544.0	794.0	772.0	763.0	767.0	764.0	771.0	789.0	790.0	787.0	788.0	786.0	788.0	790.0	786.0	789.0	786.0	789.0	806.0	816.0	816.0	814.0	805.0	629.0	689.0	757.0	617.0	676.0	735.0	613.0	641.0	695.0	728.0	756.0	596.0	637.0	685.0	719.0	741.0	795.0	837.0	909.0	945.0	958.0	939.0	891.0	817.0	782.0	529.0	468.0	419.0	372.0	350.0	350.0	345.0	353.0	388.0	447.0	507.0	957.0	805.0	615.0	476.0	382.0	298.0	263.0	301.0	378.0	475.0	598.0	797.0	957.0	708.0	733.0	764.0	703.0	728.0	758.0	656.0	675.0	679.0	644.0	666.0	674.0	721.0	748.0	719.0	747.0	884.0	918.0	865.0	855.0	863.0	702.0	711.0	711.0	702.0	1033.0	1033.0	657.0	728.0	646.0	704.0
082	london_face_dataset/neutral_front/082_03.jpg	x	577.0	781.0	577.0	562.0	558.0	564.0	577.0	594.0	596.0	594.0	780.0	764.0	761.0	766.0	783.0	798.0	800.0	797.0	538.0	553.0	577.0	606.0	629.0	733.0	757.0	780.0	804.0	820.0	554.0	578.0	603.0	759.0	783.0	806.0	526.0	546.0	567.0	594.0	616.0	736.0	757.0	783.0	812.0	835.0	575.0	610.0	632.0	734.0	762.0	798.0	657.0	667.0	666.0	662.0	657.0	692.0	710.0	701.0	705.0	709.0	715.0	626.0	618.0	621.0	637.0	632.0	747.0	757.0	755.0	741.0	742.0	486.0	504.0	537.0	570.0	643.0	643.0	718.0	713.0	780.0	810.0	840.0	862.0	530.0	572.0	786.0	827.0	605.0	638.0	666.0	698.0	732.0	759.0	792.0	650.0	675.0	699.0	723.0	750.0	650.0	675.0	699.0	723.0	750.0	632.0	662.0	707.0	751.0	775.0	444.0	449.0	462.0	902.0	901.0	897.0	393.0	390.0	401.0	414.0	452.0	940.0	950.0	938.0	930.0	903.0	473.0	486.0	546.0	621.0	716.0	781.0	827.0	866.0	887.0	449.0	468.0	487.0	523.0	586.0	662.0	730.0	789.0	837.0	869.0	891.0	487.0	402.0	366.0	392.0	467.0	555.0	662.0	779.0	864.0	936.0	972.0	939.0	867.0	606.0	589.0	576.0	777.0	799.0	817.0	472.0	505.0	553.0	884.0	861.0	821.0	668.0	666.0	718.0	725.0	711.0	713.0	672.0	709.0	748.0	673.0	681.0	700.0	703.0	616.0	766.0	446.0	455.0	903.0	898.0
082	london_face_dataset/neutral_front/082_03.jpg	y	587.0	571.0	573.0	578.0	588.0	601.0	606.0	601.0	587.0	579.0	556.0	562.0	573.0	585.0	591.0	583.0	570.0	561.0	596.0	581.0	573.0	582.0	598.0	590.0	565.0	556.0	562.0	574.0	605.0	607.0	602.0	589.0	591.0	585.0	579.0	567.0	558.0	557.0	566.0	565.0	544.0	538.0	544.0	559.0	657.0	637.0	613.0	602.0	625.0	638.0	558.0	588.0	620.0	643.0	674.0	724.0	556.0	588.0	619.0	643.0	671.0	671.0	689.0	709.0	720.0	704.0	666.0	682.0	701.0	713.0	697.0	556.0	523.0	503.0	496.0	499.0	536.0	527.0	498.0	479.0	478.0	494.0	517.0	531.0	530.0	510.0	509.0	809.0	776.0	764.0	770.0	761.0	769.0	788.0	804.0	803.0	803.0	798.0	797.0	804.0	802.0	805.0	798.0	797.0	835.0	851.0	852.0	841.0	819.0	622.0	688.0	757.0	606.0	673.0	742.0	613.0	651.0	693.0	734.0	762.0	599.0	624.0	666.0	705.0	742.0	794.0	838.0	904.0	945.0	962.0	939.0	893.0	849.0	795.0	552.0	492.0	424.0	378.0	348.0	336.0	340.0	357.0	403.0	465.0	533.0	943.0	813.0	608.0	485.0	365.0	293.0	265.0	292.0	369.0	470.0	600.0	828.0	941.0	726.0	752.0	785.0	709.0	733.0	765.0	649.0	676.0	690.0	628.0	658.0	676.0	732.0	750.0	727.0	747.0	898.0	927.0	881.0	871.0	877.0	712.0	722.0	719.0	709.0	1040.0	1031.0	653.0	725.0	637.0	708.0
012	london_face_dataset/neutral_front/012_03.jpg	x	569.0	763.0	565.0	549.0	548.0	554.0	566.0	581.0	588.0	584.0	763.0	746.0	745.0	751.0	765.0	780.0	784.0	781.0	526.0	542.0	566.0	589.0	617.0	718.0	740.0	764.0	788.0	808.0	541.0	565.0	590.0	742.0	766.0	790.0	518.0	537.0	565.0	593.0	611.0	721.0	740.0	768.0	796.0	818.0	561.0	594.0	622.0	711.0	739.0	772.0	646.0	653.0	655.0	651.0	647.0	673.0	686.0	681.0	681.0	685.0	691.0	619.0	611.0	610.0	635.0	631.0	717.0	726.0	730.0	707.0	710.0	479.0	491.0	531.0	583.0	618.0	619.0	725.0	718.0	756.0	794.0	830.0	858.0	528.0	569.0	781.0	820.0	590.0	619.0	643.0	669.0	694.0	717.0	739.0	619.0	643.0	668.0	697.0	715.0	619.0	643.0	668.0	697.0	716.0	611.0	639.0	671.0	696.0	723.0	426.0	422.0	426.0	878.0	880.0	873.0	364.0	346.0	355.0	361.0	380.0	919.0	930.0	924.0	922.0	911.0	438.0	457.0	536.0	598.0	665.0	739.0	803.0	846.0	866.0	445.0	465.0	474.0	527.0	595.0	668.0	743.0	804.0	849.0	870.0	871.0	465.0	358.0	328.0	366.0	436.0	529.0	658.0	784.0	869.0	921.0	954.0	940.0	847.0	589.0	570.0	557.0	748.0	769.0	784.0	461.0	509.0	547.0	860.0	826.0	784.0	653.0	649.0	688.0	691.0	662.0	664.0	627.0	666.0	705.0	651.0	660.0	687.0	694.0	584.0	727.0	417.0	423.0	882.0	878.0
012	london_face_dataset/neutral_front/012_03.jpg	y	615.0	614.0	602.0	609.0	619.0	629.0	635.0	630.0	619.0	609.0	601.0	607.0	617.0	628.0	632.0	627.0	617.0	604.0	616.0	607.0	602.0	607.0	628.0	628.0	608.0	600.0	605.0	618.0	632.0	639.0	632.0	630.0	636.0	629.0	604.0	594.0	590.0	596.0	608.0	611.0	595.0	587.0	591.0	607.0	685.0	669.0	648.0	644.0	668.0	682.0	604.0	629.0	658.0	686.0	711.0	756.0	603.0	630.0	657.0	685.0	711.0	706.0	725.0	742.0	752.0	739.0	708.0	724.0	742.0	753.0	738.0	595.0	567.0	551.0	559.0	579.0	597.0	591.0	577.0	557.0	551.0	556.0	598.0	574.0	579.0	574.0	576.0	830.0	809.0	800.0	803.0	801.0	811.0	827.0	821.0	818.0	821.0	818.0	822.0	822.0	818.0	822.0	818.0	823.0	842.0	849.0	850.0	848.0	840.0	604.0	685.0	755.0	614.0	684.0	755.0	576.0	624.0	675.0	730.0	758.0	586.0	626.0	672.0	709.0	756.0	821.0	885.0	945.0	979.0	991.0	974.0	935.0	885.0	814.0	541.0	486.0	421.0	394.0	391.0	412.0	404.0	411.0	444.0	485.0	551.0	995.0	823.0	576.0	461.0	372.0	316.0	287.0	322.0	390.0	478.0	594.0	805.0	983.0	750.0	774.0	804.0	746.0	771.0	801.0	663.0	701.0	716.0	668.0	697.0	716.0	763.0	793.0	761.0	791.0	913.0	953.0	892.0	883.0	891.0	739.0	753.0	753.0	740.0	1068.0	1066.0	648.0	721.0	651.0	705.0
